Date,Close
2010-01-04,22.920000076293945
2010-01-05,22.90999984741211
2010-01-06,22.850000381469727
2010-01-07,23.0
2010-01-08,22.84000015258789
2010-01-11,22.719999313354492
2010-01-12,22.719999313354492
2010-01-13,22.700000762939453
2010-01-14,22.639999389648438
2010-01-15,22.770000457763672
2010-01-19,22.84000015258789
2010-01-20,23.1200008392334
2010-01-21,23.1200008392334
2010-01-22,23.079999923706055
2010-01-25,23.049999237060547
2010-01-26,23.149999618530273
2010-01-27,23.229999542236328
2010-01-28,23.270000457763672
2010-01-29,23.450000762939453
2010-02-01,23.350000381469727
2010-02-02,23.270000457763672
2010-02-03,23.399999618530273
2010-02-04,23.549999237060547
2010-02-05,23.649999618530273
2010-02-08,23.639999389648438
2010-02-09,23.489999771118164
2010-02-10,23.559999465942383
2010-02-11,23.549999237060547
2010-02-12,23.6299991607666
2010-02-16,23.43000030517578
2010-02-17,23.649999618530273
2010-02-18,23.649999618530273
2010-02-19,23.719999313354492
2010-02-22,23.68000030517578
2010-02-23,23.809999465942383
2010-02-24,23.760000228881836
2010-02-25,23.709999084472656
2010-02-26,23.639999389648438
2010-03-01,23.719999313354492
2010-03-02,23.649999618530273
2010-03-03,23.510000228881836
2010-03-04,23.639999389648438
2010-03-05,23.6299991607666
2010-03-08,23.6200008392334
2010-03-09,23.65999984741211
2010-03-10,23.6200008392334
2010-03-11,23.56999969482422
2010-03-12,23.420000076293945
2010-03-15,23.549999237060547
2010-03-16,23.3799991607666
2010-03-17,23.389999389648438
2010-03-18,23.549999237060547
2010-03-19,23.709999084472656
2010-03-22,23.649999618530273
2010-03-23,23.729999542236328
2010-03-24,24.049999237060547
2010-03-25,24.1299991607666
2010-03-26,23.959999084472656
2010-03-29,23.84000015258789
2010-03-30,23.93000030517578
2010-03-31,23.799999237060547
2010-04-01,23.65999984741211
2010-04-05,23.780000686645508
2010-04-06,23.850000381469727
2010-04-07,23.899999618530273
2010-04-08,23.8799991607666
2010-04-09,23.700000762939453
2010-04-12,23.600000381469727
2010-04-13,23.600000381469727
2010-04-14,23.479999542236328
2010-04-15,23.56999969482422
2010-04-16,23.649999618530273
2010-04-19,23.690000534057617
2010-04-20,23.729999542236328
2010-04-21,23.780000686645508
2010-04-22,23.889999389648438
2010-04-23,23.84000015258789
2010-04-26,23.829999923706055
2010-04-27,24.1200008392334
2010-04-28,24.110000610351562
2010-04-29,24.0
2010-04-30,23.959999084472656
2010-05-03,24.110000610351562
2010-05-04,24.3799991607666
2010-05-05,24.610000610351562
2010-05-06,24.809999465942383
2010-05-07,24.700000762939453
2010-05-10,24.639999389648438
2010-05-11,24.75
2010-05-12,24.81999969482422
2010-05-13,24.959999084472656
2010-05-14,25.190000534057617
2010-05-17,25.190000534057617
2010-05-18,25.459999084472656
2010-05-19,25.219999313354492
2010-05-20,25.09000015258789
2010-05-21,24.979999542236328
2010-05-24,25.229999542236328
2010-05-25,25.299999237060547
2010-05-26,25.469999313354492
2010-05-27,25.200000762939453
2010-05-28,25.34000015258789
2010-06-01,25.350000381469727
2010-06-02,25.34000015258789
2010-06-03,25.469999313354492
2010-06-04,25.770000457763672
2010-06-07,25.829999923706055
2010-06-08,25.75
2010-06-09,25.649999618530273
2010-06-10,25.3799991607666
2010-06-11,25.459999084472656
2010-06-14,25.229999542236328
2010-06-15,25.020000457763672
2010-06-16,25.100000381469727
2010-06-17,24.950000762939453
2010-06-18,24.940000534057617
2010-06-21,25.030000686645508
2010-06-22,25.06999969482422
2010-06-23,24.969999313354492
2010-06-24,24.969999313354492
2010-06-25,24.829999923706055
2010-06-28,24.959999084472656
2010-06-29,25.079999923706055
2010-06-30,25.059999465942383
2010-07-01,24.600000381469727
2010-07-02,24.56999969482422
2010-07-06,24.489999771118164
2010-07-07,24.40999984741211
2010-07-08,24.3799991607666
2010-07-09,24.440000534057617
2010-07-12,24.510000228881836
2010-07-13,24.299999237060547
2010-07-14,24.25
2010-07-15,23.969999313354492
2010-07-16,24.010000228881836
2010-07-19,24.030000686645508
2010-07-20,24.06999969482422
2010-07-21,24.229999542236328
2010-07-22,24.030000686645508
2010-07-23,23.989999771118164
2010-07-26,23.860000610351562
2010-07-27,23.899999618530273
2010-07-28,23.889999389648438
2010-07-29,23.729999542236328
2010-07-30,23.739999771118164
2010-08-02,23.520000457763672
2010-08-03,23.420000076293945
2010-08-04,23.549999237060547
2010-08-05,23.469999313354492
2010-08-06,23.350000381469727
2010-08-09,23.469999313354492
2010-08-10,23.520000457763672
2010-08-11,23.93000030517578
2010-08-12,24.010000228881836
2010-08-13,24.110000610351562
2010-08-16,23.959999084472656
2010-08-17,23.8799991607666
2010-08-18,23.90999984741211
2010-08-19,23.959999084472656
2010-08-20,24.1299991607666
2010-08-23,24.18000030517578
2010-08-24,24.139999389648438
2010-08-25,24.18000030517578
2010-08-26,24.030000686645508
2010-08-27,24.06999969482422
2010-08-30,24.139999389648438
2010-08-31,24.1200008392334
2010-09-01,23.93000030517578
2010-09-02,23.90999984741211
2010-09-03,23.790000915527344
2010-09-07,24.040000915527344
2010-09-08,23.959999084472656
2010-09-09,23.959999084472656
2010-09-10,23.979999542236328
2010-09-13,23.719999313354492
2010-09-14,23.520000457763672
2010-09-15,23.6200008392334
2010-09-16,23.540000915527344
2010-09-17,23.600000381469727
2010-09-20,23.56999969482422
2010-09-21,23.309999465942383
2010-09-22,23.139999389648438
2010-09-23,23.209999084472656
2010-09-24,22.969999313354492
2010-09-27,23.0
2010-09-28,22.8799991607666
2010-09-29,22.84000015258789
2010-09-30,22.84000015258789
2010-10-01,22.649999618530273
2010-10-04,22.75
2010-10-05,22.559999465942383
2010-10-06,22.450000762939453
2010-10-07,22.479999542236328
2010-10-08,22.399999618530273
2010-10-11,22.489999771118164
2010-10-12,22.420000076293945
2010-10-13,22.360000610351562
2010-10-14,22.209999084472656
2010-10-15,22.34000015258789
2010-10-18,22.31999969482422
2010-10-19,22.700000762939453
2010-10-20,22.389999389648438
2010-10-21,22.469999313354492
2010-10-22,22.469999313354492
2010-10-25,22.3700008392334
2010-10-26,22.520000457763672
2010-10-27,22.649999618530273
2010-10-28,22.40999984741211
2010-10-29,22.3700008392334
2010-11-01,22.40999984741211
2010-11-02,22.25
2010-11-03,22.139999389648438
2010-11-04,21.969999313354492
2010-11-05,22.18000030517578
2010-11-08,22.309999465942383
2010-11-09,22.5
2010-11-10,22.479999542236328
2010-11-11,22.639999389648438
2010-11-12,22.610000610351562
2010-11-15,22.790000915527344
2010-11-16,22.920000076293945
2010-11-17,22.899999618530273
2010-11-18,22.739999771118164
2010-11-19,22.670000076293945
2010-11-22,22.739999771118164
2010-11-23,23.040000915527344
2010-11-24,23.06999969482422
2010-11-26,23.209999084472656
2010-11-29,23.350000381469727
2010-11-30,23.5
2010-12-01,23.299999237060547
2010-12-02,23.15999984741211
2010-12-03,22.8799991607666
2010-12-06,22.989999771118164
2010-12-07,23.09000015258789
2010-12-08,23.100000381469727
2010-12-09,23.1200008392334
2010-12-10,23.1200008392334
2010-12-13,22.8700008392334
2010-12-14,22.90999984741211
2010-12-15,23.149999618530273
2010-12-16,23.09000015258789
2010-12-17,23.190000534057617
2010-12-20,23.239999771118164
2010-12-21,23.290000915527344
2010-12-22,23.270000457763672
2010-12-23,23.200000762939453
2010-12-27,23.149999618530273
2010-12-28,23.15999984741211
2010-12-29,23.0
2010-12-30,22.920000076293945
2010-12-31,22.709999084472656
2011-01-03,22.81999969482422
2011-01-04,22.8799991607666
2011-01-05,23.110000610351562
2011-01-06,23.290000915527344
2011-01-07,23.360000610351562
2011-01-10,23.280000686645508
2011-01-11,23.270000457763672
2011-01-12,23.040000915527344
2011-01-13,22.799999237060547
2011-01-14,22.770000457763672
2011-01-18,22.75
2011-01-19,22.610000610351562
2011-01-20,22.68000030517578
2011-01-21,22.489999771118164
2011-01-24,22.440000534057617
2011-01-25,22.43000030517578
2011-01-26,22.389999389648438
2011-01-27,22.350000381469727
2011-01-28,22.489999771118164
2011-01-31,22.360000610351562
2011-02-01,22.139999389648438
2011-02-02,22.18000030517578
2011-02-03,22.360000610351562
2011-02-04,22.43000030517578
2011-02-07,22.43000030517578
2011-02-08,22.40999984741211
2011-02-09,22.309999465942383
2011-02-10,22.489999771118164
2011-02-11,22.549999237060547
2011-02-14,22.579999923706055
2011-02-15,22.600000381469727
2011-02-16,22.469999313354492
2011-02-17,22.40999984741211
2011-02-18,22.299999237060547
2011-02-22,22.360000610351562
2011-02-23,22.229999542236328
2011-02-24,22.149999618530273
2011-02-25,22.190000534057617
2011-02-28,22.09000015258789
2011-03-01,22.1200008392334
2011-03-02,22.0
2011-03-03,21.969999313354492
2011-03-04,21.940000534057617
2011-03-07,21.959999084472656
2011-03-08,22.059999465942383
2011-03-09,22.020000457763672
2011-03-10,22.190000534057617
2011-03-11,22.030000686645508
2011-03-14,21.920000076293945
2011-03-15,21.940000534057617
2011-03-16,22.010000228881836
2011-03-17,21.81999969482422
2011-03-18,21.719999313354492
2011-03-21,21.649999618530273
2011-03-22,21.65999984741211
2011-03-23,21.780000686645508
2011-03-24,21.729999542236328
2011-03-25,21.8799991607666
2011-03-28,21.860000610351562
2011-03-29,21.850000381469727
2011-03-30,21.829999923706055
2011-03-31,21.790000915527344
2011-04-01,21.770000457763672
2011-04-04,21.770000457763672
2011-04-05,21.780000686645508
2011-04-06,21.65999984741211
2011-04-07,21.670000076293945
2011-04-08,21.5
2011-04-11,21.530000686645508
2011-04-12,21.479999542236328
2011-04-13,21.5
2011-04-14,21.420000076293945
2011-04-15,21.459999084472656
2011-04-18,21.65999984741211
2011-04-19,21.530000686645508
2011-04-20,21.31999969482422
2011-04-21,21.239999771118164
2011-04-25,21.209999084472656
2011-04-26,21.15999984741211
2011-04-27,21.020000457763672
2011-04-28,20.959999084472656
2011-04-29,20.950000762939453
2011-05-02,20.969999313354492
2011-05-03,20.969999313354492
2011-05-04,20.959999084472656
2011-05-05,21.270000457763672
2011-05-06,21.43000030517578
2011-05-09,21.399999618530273
2011-05-10,21.3799991607666
2011-05-11,21.579999923706055
2011-05-12,21.540000915527344
2011-05-13,21.690000534057617
2011-05-16,21.6200008392334
2011-05-17,21.600000381469727
2011-05-18,21.59000015258789
2011-05-19,21.5
2011-05-20,21.649999618530273
2011-05-23,21.790000915527344
2011-05-24,21.729999542236328
2011-05-25,21.709999084472656
2011-05-26,21.6200008392334
2011-05-27,21.440000534057617
2011-05-31,21.34000015258789
2011-06-01,21.389999389648438
2011-06-02,21.25
2011-06-03,21.09000015258789
2011-06-06,21.149999618530273
2011-06-07,21.030000686645508
2011-06-08,21.1299991607666
2011-06-09,21.200000762939453
2011-06-10,21.399999618530273
2011-06-13,21.290000915527344
2011-06-14,21.260000228881836
2011-06-15,21.600000381469727
2011-06-16,21.59000015258789
2011-06-17,21.450000762939453
2011-06-20,21.450000762939453
2011-06-21,21.309999465942383
2011-06-22,21.389999389648438
2011-06-23,21.5
2011-06-24,21.6299991607666
2011-06-27,21.530000686645508
2011-06-28,21.450000762939453
2011-06-29,21.31999969482422
2011-06-30,21.219999313354492
2011-07-01,21.200000762939453
2011-07-05,21.280000686645508
2011-07-06,21.40999984741211
2011-07-07,21.3700008392334
2011-07-08,21.420000076293945
2011-07-11,21.709999084472656
2011-07-12,21.700000762939453
2011-07-13,21.469999313354492
2011-07-14,21.469999313354492
2011-07-15,21.43000030517578
2011-07-18,21.479999542236328
2011-07-19,21.43000030517578
2011-07-20,21.329999923706055
2011-07-21,21.1299991607666
2011-07-22,21.1299991607666
2011-07-25,21.110000610351562
2011-07-26,20.93000030517578
2011-07-27,21.09000015258789
2011-07-28,21.1299991607666
2011-07-29,21.030000686645508
2011-08-01,21.139999389648438
2011-08-02,21.170000076293945
2011-08-03,21.06999969482422
2011-08-04,21.399999618530273
2011-08-05,21.219999313354492
2011-08-08,21.25
2011-08-09,21.06999969482422
2011-08-10,21.25
2011-08-11,21.219999313354492
2011-08-12,21.219999313354492
2011-08-15,21.0
2011-08-16,21.010000228881836
2011-08-17,20.959999084472656
2011-08-18,21.079999923706055
2011-08-19,21.030000686645508
2011-08-22,21.06999969482422
2011-08-23,20.979999542236328
2011-08-24,21.020000457763672
2011-08-25,21.079999923706055
2011-08-26,20.959999084472656
2011-08-29,20.93000030517578
2011-08-30,21.010000228881836
2011-08-31,21.06999969482422
2011-09-01,21.15999984741211
2011-09-02,21.219999313354492
2011-09-06,21.549999237060547
2011-09-07,21.43000030517578
2011-09-08,21.649999618530273
2011-09-09,21.90999984741211
2011-09-12,21.920000076293945
2011-09-13,21.850000381469727
2011-09-14,21.790000915527344
2011-09-15,21.65999984741211
2011-09-16,21.739999771118164
2011-09-19,21.860000610351562
2011-09-20,21.860000610351562
2011-09-21,22.030000686645508
2011-09-22,22.260000228881836
2011-09-23,22.200000762939453
2011-09-26,22.18000030517578
2011-09-27,22.049999237060547
2011-09-28,22.1299991607666
2011-09-29,22.079999923706055
2011-09-30,22.309999465942383
2011-10-03,22.510000228881836
2011-10-04,22.420000076293945
2011-10-05,22.350000381469727
2011-10-06,22.209999084472656
2011-10-07,22.270000457763672
2011-10-10,21.920000076293945
2011-10-11,21.899999618530273
2011-10-12,21.760000228881836
2011-10-13,21.75
2011-10-14,21.649999618530273
2011-10-17,21.790000915527344
2011-10-18,21.760000228881836
2011-10-19,21.780000686645508
2011-10-20,21.739999771118164
2011-10-21,21.540000915527344
2011-10-24,21.489999771118164
2011-10-25,21.510000228881836
2011-10-26,21.510000228881836
2011-10-27,21.149999618530273
2011-10-28,21.15999984741211
2011-10-31,21.56999969482422
2011-11-01,21.799999237060547
2011-11-02,21.75
2011-11-03,21.649999618530273
2011-11-04,21.709999084472656
2011-11-07,21.690000534057617
2011-11-08,21.59000015258789
2011-11-09,21.969999313354492
2011-11-10,21.90999984741211
2011-11-11,21.690000534057617
2011-11-14,21.84000015258789
2011-11-15,21.969999313354492
2011-11-16,22.040000915527344
2011-11-17,22.06999969482422
2011-11-18,22.010000228881836
2011-11-21,22.049999237060547
2011-11-22,22.040000915527344
2011-11-23,22.290000915527344
2011-11-25,22.420000076293945
2011-11-28,22.329999923706055
2011-11-29,22.25
2011-11-30,22.059999465942383
2011-12-01,22.049999237060547
2011-12-02,22.1200008392334
2011-12-05,22.1200008392334
2011-12-06,22.100000381469727
2011-12-07,22.06999969482422
2011-12-08,22.190000534057617
2011-12-09,22.1200008392334
2011-12-12,22.350000381469727
2011-12-13,22.56999969482422
2011-12-14,22.6200008392334
2011-12-15,22.559999465942383
2011-12-16,22.489999771118164
2011-12-19,22.56999969482422
2011-12-20,22.3799991607666
2011-12-21,22.3799991607666
2011-12-22,22.3799991607666
2011-12-23,22.389999389648438
2011-12-27,22.34000015258789
2011-12-28,22.549999237060547
2011-12-29,22.510000228881836
2011-12-30,22.469999313354492
2012-01-03,22.280000686645508
2012-01-04,22.399999618530273
2012-01-05,22.639999389648438
2012-01-06,22.719999313354492
2012-01-09,22.639999389648438
2012-01-10,22.6200008392334
2012-01-11,22.719999313354492
2012-01-12,22.56999969482422
2012-01-13,22.75
2012-01-17,22.670000076293945
2012-01-18,22.469999313354492
2012-01-19,22.350000381469727
2012-01-20,22.3700008392334
2012-01-23,22.239999771118164
2012-01-24,22.270000457763672
2012-01-25,22.170000076293945
2012-01-26,22.149999618530273
2012-01-27,21.989999771118164
2012-01-30,22.06999969482422
2012-01-31,22.1200008392334
2012-02-01,22.020000457763672
2012-02-02,22.030000686645508
2012-02-03,22.030000686645508
2012-02-06,22.040000915527344
2012-02-07,21.889999389648438
2012-02-08,21.90999984741211
2012-02-09,21.920000076293945
2012-02-10,22.059999465942383
2012-02-13,22.030000686645508
2012-02-14,22.139999389648438
2012-02-15,22.209999084472656
2012-02-16,22.1299991607666
2012-02-17,22.1299991607666
2012-02-21,22.040000915527344
2012-02-22,22.06999969482422
2012-02-23,21.899999618530273
2012-02-24,21.809999465942383
2012-02-27,21.8799991607666
2012-02-28,21.780000686645508
2012-02-29,21.959999084472656
2012-03-01,21.959999084472656
2012-03-02,22.110000610351562
2012-03-05,22.09000015258789
2012-03-06,22.229999542236328
2012-03-07,22.200000762939453
2012-03-08,22.049999237060547
2012-03-09,22.260000228881836
2012-03-12,22.229999542236328
2012-03-13,22.299999237060547
2012-03-14,22.420000076293945
2012-03-15,22.329999923706055
2012-03-16,22.18000030517578
2012-03-19,22.059999465942383
2012-03-20,22.100000381469727
2012-03-21,22.110000610351562
2012-03-22,22.139999389648438
2012-03-23,22.020000457763672
2012-03-26,21.8799991607666
2012-03-27,21.959999084472656
2012-03-28,21.950000762939453
2012-03-29,21.940000534057617
2012-03-30,21.90999984741211
2012-04-02,21.860000610351562
2012-04-03,22.020000457763672
2012-04-04,22.1299991607666
2012-04-05,22.200000762939453
2012-04-09,22.1299991607666
2012-04-10,22.15999984741211
2012-04-11,22.1299991607666
2012-04-12,21.979999542236328
2012-04-13,22.15999984741211
2012-04-16,22.06999969482422
2012-04-17,22.059999465942383
2012-04-18,22.059999465942383
2012-04-19,22.049999237060547
2012-04-20,21.93000030517578
2012-04-23,22.0
2012-04-24,21.940000534057617
2012-04-25,21.889999389648438
2012-04-26,21.860000610351562
2012-04-27,21.81999969482422
2012-04-30,21.809999465942383
2012-05-01,21.829999923706055
2012-05-02,21.899999618530273
2012-05-03,21.920000076293945
2012-05-04,22.010000228881836
2012-05-07,22.040000915527344
2012-05-08,22.09000015258789
2012-05-09,22.18000030517578
2012-05-10,22.200000762939453
2012-05-11,22.239999771118164
2012-05-14,22.34000015258789
2012-05-15,22.520000457763672
2012-05-16,22.56999969482422
2012-05-17,22.549999237060547
2012-05-18,22.459999084472656
2012-05-21,22.389999389648438
2012-05-22,22.6200008392334
2012-05-23,22.700000762939453
2012-05-24,22.790000915527344
2012-05-25,22.81999969482422
2012-05-29,22.799999237060547
2012-05-30,22.979999542236328
2012-05-31,22.989999771118164
2012-06-01,22.920000076293945
2012-06-04,22.81999969482422
2012-06-05,22.899999618530273
2012-06-06,22.709999084472656
2012-06-07,22.739999771118164
2012-06-08,22.809999465942383
2012-06-11,22.84000015258789
2012-06-12,22.760000228881836
2012-06-13,22.690000534057617
2012-06-14,22.600000381469727
2012-06-15,22.5
2012-06-18,22.600000381469727
2012-06-19,22.43000030517578
2012-06-20,22.459999084472656
2012-06-21,22.700000762939453
2012-06-22,22.649999618530273
2012-06-25,22.719999313354492
2012-06-26,22.68000030517578
2012-06-27,22.75
2012-06-28,22.780000686645508
2012-06-29,22.469999313354492
2012-07-02,22.520000457763672
2012-07-03,22.5
2012-07-05,22.799999237060547
2012-07-06,22.950000762939453
2012-07-09,22.8799991607666
2012-07-10,22.959999084472656
2012-07-11,22.979999542236328
2012-07-12,23.030000686645508
2012-07-13,22.93000030517578
2012-07-16,22.860000610351562
2012-07-17,22.84000015258789
2012-07-18,22.81999969482422
2012-07-19,22.809999465942383
2012-07-20,22.979999542236328
2012-07-23,23.010000228881836
2012-07-24,23.100000381469727
2012-07-25,22.979999542236328
2012-07-26,22.75
2012-07-27,22.739999771118164
2012-07-30,22.770000457763672
2012-07-31,22.709999084472656
2012-08-01,22.8700008392334
2012-08-02,22.90999984741211
2012-08-03,22.6299991607666
2012-08-06,22.600000381469727
2012-08-07,22.600000381469727
2012-08-08,22.639999389648438
2012-08-09,22.719999313354492
2012-08-10,22.68000030517578
2012-08-13,22.649999618530273
2012-08-14,22.65999984741211
2012-08-15,22.719999313354492
2012-08-16,22.639999389648438
2012-08-17,22.68000030517578
2012-08-20,22.649999618530273
2012-08-21,22.5
2012-08-22,22.389999389648438
2012-08-23,22.350000381469727
2012-08-24,22.420000076293945
2012-08-27,22.440000534057617
2012-08-28,22.350000381469727
2012-08-29,22.389999389648438
2012-08-30,22.440000534057617
2012-08-31,22.299999237060547
2012-09-04,22.329999923706055
2012-09-05,22.309999465942383
2012-09-06,22.25
2012-09-07,22.010000228881836
2012-09-10,22.079999923706055
2012-09-11,21.90999984741211
2012-09-12,21.889999389648438
2012-09-13,21.75
2012-09-14,21.639999389648438
2012-09-17,21.670000076293945
2012-09-18,21.739999771118164
2012-09-19,21.670000076293945
2012-09-20,21.770000457763672
2012-09-21,21.75
2012-09-24,21.799999237060547
2012-09-25,21.84000015258789
2012-09-26,21.8799991607666
2012-09-27,21.81999969482422
2012-09-28,21.920000076293945
2012-10-01,21.8700008392334
2012-10-02,21.850000381469727
2012-10-03,21.90999984741211
2012-10-04,21.760000228881836
2012-10-05,21.760000228881836
2012-10-08,21.809999465942383
2012-10-09,21.950000762939453
2012-10-10,21.899999618530273
2012-10-11,21.860000610351562
2012-10-12,21.829999923706055
2012-10-15,21.84000015258789
2012-10-16,21.75
2012-10-17,21.639999389648438
2012-10-18,21.729999542236328
2012-10-19,21.809999465942383
2012-10-22,21.809999465942383
2012-10-23,21.90999984741211
2012-10-24,21.90999984741211
2012-10-25,21.93000030517578
2012-10-26,21.93000030517578
2012-10-31,21.889999389648438
2012-11-01,21.920000076293945
2012-11-02,22.06999969482422
2012-11-05,22.1200008392334
2012-11-06,22.09000015258789
2012-11-07,22.1299991607666
2012-11-08,22.1299991607666
2012-11-09,22.18000030517578
2012-11-12,22.190000534057617
2012-11-13,22.209999084472656
2012-11-14,22.200000762939453
2012-11-15,22.200000762939453
2012-11-16,22.239999771118164
2012-11-19,22.139999389648438
2012-11-20,22.1299991607666
2012-11-21,22.139999389648438
2012-11-23,21.93000030517578
2012-11-26,21.940000534057617
2012-11-27,22.010000228881836
2012-11-28,21.969999313354492
2012-11-29,21.940000534057617
2012-11-30,21.920000076293945
2012-12-03,21.850000381469727
2012-12-04,21.780000686645508
2012-12-05,21.829999923706055
2012-12-06,21.950000762939453
2012-12-07,21.989999771118164
2012-12-10,21.959999084472656
2012-12-11,21.8799991607666
2012-12-12,21.84000015258789
2012-12-13,21.860000610351562
2012-12-14,21.75
2012-12-17,21.75
2012-12-18,21.68000030517578
2012-12-19,21.670000076293945
2012-12-20,21.649999618530273
2012-12-21,21.760000228881836
2012-12-24,21.760000228881836
2012-12-26,21.760000228881836
2012-12-27,21.760000228881836
2012-12-28,21.780000686645508
2012-12-31,21.809999465942383
2013-01-02,21.81999969482422
2013-01-03,21.989999771118164
2013-01-04,21.989999771118164
2013-01-07,21.920000076293945
2013-01-08,21.950000762939453
2013-01-09,22.020000457763672
2013-01-10,21.799999237060547
2013-01-11,21.739999771118164
2013-01-14,21.709999084472656
2013-01-15,21.770000457763672
2013-01-16,21.790000915527344
2013-01-17,21.75
2013-01-18,21.850000381469727
2013-01-22,21.829999923706055
2013-01-23,21.829999923706055
2013-01-24,21.829999923706055
2013-01-25,21.780000686645508
2013-01-28,21.790000915527344
2013-01-29,21.729999542236328
2013-01-30,21.639999389648438
2013-01-31,21.6200008392334
2013-02-01,21.600000381469727
2013-02-04,21.709999084472656
2013-02-05,21.700000762939453
2013-02-06,21.770000457763672
2013-02-07,21.889999389648438
2013-02-08,21.899999618530273
2013-02-11,21.920000076293945
2013-02-12,21.8700008392334
2013-02-13,21.8799991607666
2013-02-14,21.940000534057617
2013-02-15,21.959999084472656
2013-02-19,21.969999313354492
2013-02-20,22.1299991607666
2013-02-21,22.219999313354492
2013-02-22,22.229999542236328
2013-02-25,22.31999969482422
2013-02-26,22.34000015258789
2013-02-27,22.25
2013-02-28,22.3700008392334
2013-03-01,22.440000534057617
2013-03-04,22.43000030517578
2013-03-05,22.399999618530273
2013-03-06,22.489999771118164
2013-03-07,22.389999389648438
2013-03-08,22.559999465942383
2013-03-11,22.510000228881836
2013-03-12,22.5
2013-03-13,22.59000015258789
2013-03-14,22.5
2013-03-15,22.399999618530273
2013-03-18,22.540000915527344
2013-03-19,22.610000610351562
2013-03-20,22.559999465942383
2013-03-21,22.559999465942383
2013-03-22,22.420000076293945
2013-03-25,22.579999923706055
2013-03-26,22.56999969482422
2013-03-27,22.65999984741211
2013-03-28,22.600000381469727
2013-04-01,22.520000457763672
2013-04-02,22.56999969482422
2013-04-03,22.520000457763672
2013-04-04,22.489999771118164
2013-04-05,22.450000762939453
2013-04-08,22.510000228881836
2013-04-09,22.40999984741211
2013-04-10,22.43000030517578
2013-04-11,22.3700008392334
2013-04-12,22.34000015258789
2013-04-15,22.40999984741211
2013-04-16,22.229999542236328
2013-04-17,22.469999313354492
2013-04-18,22.459999084472656
2013-04-19,22.5
2013-04-22,22.489999771118164
2013-04-23,22.56999969482422
2013-04-24,22.559999465942383
2013-04-25,22.510000228881836
2013-04-26,22.40999984741211
2013-04-29,22.309999465942383
2013-04-30,22.200000762939453
2013-05-01,22.18000030517578
2013-05-02,22.329999923706055
2013-05-03,22.31999969482422
2013-05-06,22.3700008392334
2013-05-07,22.3700008392334
2013-05-08,22.270000457763672
2013-05-09,22.479999542236328
2013-05-10,22.600000381469727
2013-05-13,22.639999389648438
2013-05-14,22.729999542236328
2013-05-15,22.790000915527344
2013-05-16,22.780000686645508
2013-05-17,22.920000076293945
2013-05-20,22.780000686645508
2013-05-21,22.790000915527344
2013-05-22,22.889999389648438
2013-05-23,22.739999771118164
2013-05-24,22.709999084472656
2013-05-28,22.8700008392334
2013-05-29,22.700000762939453
2013-05-30,22.549999237060547
2013-05-31,22.610000610351562
2013-06-03,22.450000762939453
2013-06-04,22.459999084472656
2013-06-05,22.420000076293945
2013-06-06,22.1299991607666
2013-06-07,22.15999984741211
2013-06-10,22.170000076293945
2013-06-11,21.979999542236328
2013-06-12,21.969999313354492
2013-06-13,21.899999618530273
2013-06-14,21.8799991607666
2013-06-17,21.84000015258789
2013-06-18,21.860000610351562
2013-06-19,22.059999465942383
2013-06-20,22.190000534057617
2013-06-21,22.34000015258789
2013-06-24,22.360000610351562
2013-06-25,22.399999618530273
2013-06-26,22.520000457763672
2013-06-27,22.510000228881836
2013-06-28,22.559999465942383
2013-07-01,22.510000228881836
2013-07-02,22.65999984741211
2013-07-03,22.56999969482422
2013-07-05,22.899999618530273
2013-07-08,22.84000015258789
2013-07-09,22.93000030517578
2013-07-10,22.780000686645508
2013-07-11,22.420000076293945
2013-07-12,22.469999313354492
2013-07-15,22.489999771118164
2013-07-16,22.329999923706055
2013-07-17,22.3799991607666
2013-07-18,22.420000076293945
2013-07-19,22.360000610351562
2013-07-22,22.260000228881836
2013-07-23,22.190000534057617
2013-07-24,22.270000457763672
2013-07-25,22.1200008392334
2013-07-26,22.100000381469727
2013-07-29,22.100000381469727
2013-07-30,22.149999618530273
2013-07-31,22.09000015258789
2013-08-01,22.280000686645508
2013-08-02,22.15999984741211
2013-08-05,22.1299991607666
2013-08-06,22.06999969482422
2013-08-07,21.979999542236328
2013-08-08,21.90999984741211
2013-08-09,21.93000030517578
2013-08-12,21.989999771118164
2013-08-13,22.100000381469727
2013-08-14,22.09000015258789
2013-08-15,21.940000534057617
2013-08-16,21.979999542236328
2013-08-19,21.969999313354492
2013-08-20,21.8700008392334
2013-08-21,21.979999542236328
2013-08-22,22.030000686645508
2013-08-23,21.989999771118164
2013-08-26,21.989999771118164
2013-08-27,21.920000076293945
2013-08-28,22.010000228881836
2013-08-29,22.15999984741211
2013-08-30,22.190000534057617
2013-09-03,22.260000228881836
2013-09-04,22.18000030517578
2013-09-05,22.329999923706055
2013-09-06,22.200000762939453
2013-09-09,22.09000015258789
2013-09-10,22.09000015258789
2013-09-11,22.010000228881836
2013-09-12,22.010000228881836
2013-09-13,21.989999771118164
2013-09-16,21.940000534057617
2013-09-17,21.899999618530273
2013-09-18,21.649999618530273
2013-09-19,21.68000030517578
2013-09-20,21.690000534057617
2013-09-23,21.700000762939453
2013-09-24,21.739999771118164
2013-09-25,21.670000076293945
2013-09-26,21.719999313354492
2013-09-27,21.639999389648438
2013-09-30,21.6299991607666
2013-10-01,21.610000610351562
2013-10-02,21.530000686645508
2013-10-03,21.510000228881836
2013-10-04,21.610000610351562
2013-10-07,21.549999237060547
2013-10-08,21.559999465942383
2013-10-09,21.65999984741211
2013-10-10,21.700000762939453
2013-10-11,21.65999984741211
2013-10-14,21.6200008392334
2013-10-15,21.700000762939453
2013-10-16,21.690000534057617
2013-10-17,21.450000762939453
2013-10-18,21.450000762939453
2013-10-21,21.469999313354492
2013-10-22,21.350000381469727
2013-10-23,21.360000610351562
2013-10-24,21.329999923706055
2013-10-25,21.34000015258789
2013-10-28,21.3799991607666
2013-10-29,21.440000534057617
2013-10-30,21.479999542236328
2013-10-31,21.6299991607666
2013-11-01,21.75
2013-11-04,21.690000534057617
2013-11-05,21.739999771118164
2013-11-06,21.670000076293945
2013-11-07,21.770000457763672
2013-11-08,21.899999618530273
2013-11-11,21.84000015258789
2013-11-12,21.850000381469727
2013-11-13,21.799999237060547
2013-11-14,21.799999237060547
2013-11-15,21.760000228881836
2013-11-18,21.729999542236328
2013-11-19,21.719999313354492
2013-11-20,21.81999969482422
2013-11-21,21.81999969482422
2013-11-22,21.729999542236328
2013-11-25,21.760000228881836
2013-11-26,21.690000534057617
2013-11-27,21.719999313354492
2013-11-29,21.700000762939453
2013-12-02,21.770000457763672
2013-12-03,21.700000762939453
2013-12-04,21.690000534057617
2013-12-05,21.579999923706055
2013-12-06,21.579999923706055
2013-12-09,21.559999465942383
2013-12-10,21.5
2013-12-11,21.489999771118164
2013-12-12,21.56999969482422
2013-12-13,21.579999923706055
2013-12-16,21.540000915527344
2013-12-17,21.540000915527344
2013-12-18,21.6299991607666
2013-12-19,21.68000030517578
2013-12-20,21.65999984741211
2013-12-23,21.6200008392334
2013-12-24,21.639999389648438
2013-12-26,21.6299991607666
2013-12-27,21.59000015258789
2013-12-30,21.489999771118164
2013-12-31,21.520000457763672
2014-01-02,21.649999618530273
2014-01-03,21.739999771118164
2014-01-06,21.68000030517578
2014-01-07,21.739999771118164
2014-01-08,21.780000686645508
2014-01-09,21.760000228881836
2014-01-10,21.670000076293945
2014-01-13,21.6200008392334
2014-01-14,21.65999984741211
2014-01-15,21.760000228881836
2014-01-16,21.739999771118164
2014-01-17,21.81999969482422
2014-01-21,21.780000686645508
2014-01-22,21.809999465942383
2014-01-23,21.59000015258789
2014-01-24,21.6200008392334
2014-01-27,21.6200008392334
2014-01-28,21.6299991607666
2014-01-29,21.6299991607666
2014-01-30,21.770000457763672
2014-01-31,21.829999923706055
2014-02-03,21.760000228881836
2014-02-04,21.780000686645508
2014-02-05,21.75
2014-02-06,21.719999313354492
2014-02-07,21.649999618530273
2014-02-10,21.6299991607666
2014-02-11,21.6299991607666
2014-02-12,21.649999618530273
2014-02-13,21.530000686645508
2014-02-14,21.489999771118164
2014-02-18,21.450000762939453
2014-02-19,21.510000228881836
2014-02-20,21.540000915527344
2014-02-21,21.520000457763672
2014-02-24,21.510000228881836
2014-02-25,21.479999542236328
2014-02-26,21.559999465942383
2014-02-27,21.520000457763672
2014-02-28,21.3799991607666
2014-03-03,21.459999084472656
2014-03-04,21.479999542236328
2014-03-05,21.469999313354492
2014-03-06,21.350000381469727
2014-03-07,21.3700008392334
2014-03-10,21.3799991607666
2014-03-11,21.3799991607666
2014-03-12,21.31999969482422
2014-03-13,21.329999923706055
2014-03-14,21.280000686645508
2014-03-17,21.260000228881836
2014-03-18,21.270000457763672
2014-03-19,21.43000030517578
2014-03-20,21.5
2014-03-21,21.469999313354492
2014-03-24,21.40999984741211
2014-03-25,21.420000076293945
2014-03-26,21.420000076293945
2014-03-27,21.479999542236328
2014-03-28,21.479999542236328
2014-03-31,21.459999084472656
2014-04-01,21.459999084472656
2014-04-02,21.5
2014-04-03,21.559999465942383
2014-04-04,21.540000915527344
2014-04-07,21.489999771118164
2014-04-08,21.350000381469727
2014-04-09,21.270000457763672
2014-04-10,21.260000228881836
2014-04-11,21.270000457763672
2014-04-14,21.329999923706055
2014-04-15,21.350000381469727
2014-04-16,21.3700008392334
2014-04-17,21.3700008392334
2014-04-21,21.389999389648438
2014-04-22,21.3700008392334
2014-04-23,21.3700008392334
2014-04-24,21.34000015258789
2014-04-25,21.34000015258789
2014-04-28,21.31999969482422
2014-04-29,21.34000015258789
2014-04-30,21.280000686645508
2014-05-01,21.270000457763672
2014-05-02,21.270000457763672
2014-05-05,21.260000228881836
2014-05-06,21.15999984741211
2014-05-07,21.170000076293945
2014-05-08,21.219999313354492
2014-05-09,21.350000381469727
2014-05-12,21.3700008392334
2014-05-13,21.420000076293945
2014-05-14,21.40999984741211
2014-05-15,21.389999389648438
2014-05-16,21.389999389648438
2014-05-19,21.389999389648438
2014-05-20,21.399999618530273
2014-05-21,21.399999618530273
2014-05-22,21.440000534057617
2014-05-23,21.479999542236328
2014-05-27,21.469999313354492
2014-05-28,21.530000686645508
2014-05-29,21.520000457763672
2014-05-30,21.469999313354492
2014-06-02,21.549999237060547
2014-06-03,21.530000686645508
2014-06-04,21.549999237060547
2014-06-05,21.459999084472656
2014-06-06,21.469999313354492
2014-06-09,21.549999237060547
2014-06-10,21.59000015258789
2014-06-11,21.59000015258789
2014-06-12,21.540000915527344
2014-06-13,21.540000915527344
2014-06-16,21.479999542236328
2014-06-17,21.540000915527344
2014-06-18,21.469999313354492
2014-06-19,21.43000030517578
2014-06-20,21.440000534057617
2014-06-23,21.399999618530273
2014-06-24,21.420000076293945
2014-06-25,21.399999618530273
2014-06-26,21.40999984741211
2014-06-27,21.34000015258789
2014-06-30,21.260000228881836
2014-07-01,21.270000457763672
2014-07-02,21.309999465942383
2014-07-03,21.389999389648438
2014-07-07,21.399999618530273
2014-07-08,21.389999389648438
2014-07-09,21.34000015258789
2014-07-10,21.3700008392334
2014-07-11,21.3799991607666
2014-07-14,21.3700008392334
2014-07-15,21.440000534057617
2014-07-16,21.489999771118164
2014-07-17,21.479999542236328
2014-07-18,21.479999542236328
2014-07-21,21.469999313354492
2014-07-22,21.540000915527344
2014-07-23,21.549999237060547
2014-07-24,21.579999923706055
2014-07-25,21.6200008392334
2014-07-28,21.6200008392334
2014-07-29,21.65999984741211
2014-07-30,21.709999084472656
2014-07-31,21.739999771118164
2014-08-01,21.709999084472656
2014-08-04,21.700000762939453
2014-08-05,21.75
2014-08-06,21.719999313354492
2014-08-07,21.75
2014-08-08,21.700000762939453
2014-08-11,21.709999084472656
2014-08-12,21.729999542236328
2014-08-13,21.75
2014-08-14,21.739999771118164
2014-08-15,21.700000762939453
2014-08-18,21.739999771118164
2014-08-19,21.81999969482422
2014-08-20,21.920000076293945
2014-08-21,21.889999389648438
2014-08-22,21.940000534057617
2014-08-25,22.0
2014-08-26,22.020000457763672
2014-08-27,21.969999313354492
2014-08-28,21.969999313354492
2014-08-29,22.020000457763672
2014-09-02,22.09000015258789
2014-09-03,22.06999969482422
2014-09-04,22.299999237060547
2014-09-05,22.299999237060547
2014-09-08,22.43000030517578
2014-09-09,22.389999389648438
2014-09-10,22.43000030517578
2014-09-11,22.450000762939453
2014-09-12,22.43000030517578
2014-09-15,22.43000030517578
2014-09-16,22.389999389648438
2014-09-17,22.530000686645508
2014-09-18,22.43000030517578
2014-09-19,22.549999237060547
2014-09-22,22.530000686645508
2014-09-23,22.530000686645508
2014-09-24,22.6299991607666
2014-09-25,22.670000076293945
2014-09-26,22.799999237060547
2014-09-29,22.780000686645508
2014-09-30,22.8700008392334
2014-10-01,22.850000381469727
2014-10-02,22.780000686645508
2014-10-03,23.079999923706055
2014-10-06,22.81999969482422
2014-10-07,22.780000686645508
2014-10-08,22.68000030517578
2014-10-09,22.75
2014-10-10,22.860000610351562
2014-10-13,22.729999542236328
2014-10-14,22.829999923706055
2014-10-15,22.59000015258789
2014-10-16,22.59000015258789
2014-10-17,22.65999984741211
2014-10-20,22.579999923706055
2014-10-21,22.700000762939453
2014-10-22,22.799999237060547
2014-10-23,22.81999969482422
2014-10-24,22.780000686645508
2014-10-27,22.719999313354492
2014-10-28,22.68000030517578
2014-10-29,22.850000381469727
2014-10-30,22.90999984741211
2014-10-31,23.09000015258789
2014-11-03,23.200000762939453
2014-11-04,23.139999389648438
2014-11-05,23.25
2014-11-06,23.40999984741211
2014-11-07,23.270000457763672
2014-11-10,23.34000015258789
2014-11-11,23.25
2014-11-12,23.329999923706055
2014-11-13,23.309999465942383
2014-11-14,23.25
2014-11-17,23.3700008392334
2014-11-18,23.260000228881836
2014-11-19,23.299999237060547
2014-11-20,23.270000457763672
2014-11-21,23.459999084472656
2014-11-24,23.399999618530273
2014-11-25,23.350000381469727
2014-11-26,23.280000686645508
2014-11-28,23.469999313354492
2014-12-01,23.360000610351562
2014-12-02,23.549999237060547
2014-12-03,23.6200008392334
2014-12-04,23.530000686645508
2014-12-05,23.709999084472656
2014-12-08,23.65999984741211
2014-12-09,23.549999237060547
2014-12-10,23.420000076293945
2014-12-11,23.510000228881836
2014-12-12,23.43000030517578
2014-12-15,23.479999542236328
2014-12-16,23.309999465942383
2014-12-17,23.600000381469727
2014-12-18,23.670000076293945
2014-12-19,23.770000457763672
2014-12-22,23.790000915527344
2014-12-23,23.90999984741211
2014-12-24,23.8799991607666
2014-12-26,23.889999389648438
2014-12-29,23.950000762939453
2014-12-30,23.889999389648438
2014-12-31,23.969999313354492
2015-01-02,24.200000762939453
2015-01-05,24.25
2015-01-06,24.299999237060547
2015-01-07,24.389999389648438
2015-01-08,24.489999771118164
2015-01-09,24.3799991607666
2015-01-12,24.3799991607666
2015-01-13,24.450000762939453
2015-01-14,24.399999618530273
2015-01-15,24.479999542236328
2015-01-16,24.59000015258789
2015-01-20,24.690000534057617
2015-01-21,24.6200008392334
2015-01-22,24.989999771118164
2015-01-23,25.209999084472656
2015-01-26,25.170000076293945
2015-01-27,24.93000030517578
2015-01-28,25.079999923706055
2015-01-29,25.100000381469727
2015-01-30,25.1299991607666
2015-02-02,25.079999923706055
2015-02-03,24.790000915527344
2015-02-04,24.940000534057617
2015-02-05,24.760000228881836
2015-02-06,25.059999465942383
2015-02-09,25.040000915527344
2015-02-10,25.06999969482422
2015-02-11,25.15999984741211
2015-02-12,24.920000076293945
2015-02-13,24.90999984741211
2015-02-17,24.8799991607666
2015-02-18,24.889999389648438
2015-02-19,24.979999542236328
2015-02-20,24.959999084472656
2015-02-23,25.030000686645508
2015-02-24,24.979999542236328
2015-02-25,24.93000030517578
2015-02-26,25.190000534057617
2015-02-27,25.200000762939453
2015-03-02,25.25
2015-03-03,25.239999771118164
2015-03-04,25.3700008392334
2015-03-05,25.489999771118164
2015-03-06,25.799999237060547
2015-03-09,25.799999237060547
2015-03-10,26.06999969482422
2015-03-11,26.360000610351562
2015-03-12,26.219999313354492
2015-03-13,26.489999771118164
2015-03-16,26.290000915527344
2015-03-17,26.299999237060547
2015-03-18,25.780000686645508
2015-03-19,26.170000076293945
2015-03-20,25.81999969482422
2015-03-23,25.540000915527344
2015-03-24,25.6200008392334
2015-03-25,25.549999237060547
2015-03-26,25.639999389648438
2015-03-27,25.65999984741211
2015-03-30,25.860000610351562
2015-03-31,25.899999618530273
2015-04-01,25.90999984741211
2015-04-02,25.709999084472656
2015-04-06,25.510000228881836
2015-04-07,25.799999237060547
2015-04-08,25.84000015258789
2015-04-09,26.110000610351562
2015-04-10,26.170000076293945
2015-04-13,26.209999084472656
2015-04-14,26.010000228881836
2015-04-15,25.889999389648438
2015-04-16,25.690000534057617
2015-04-17,25.6299991607666
2015-04-20,25.780000686645508
2015-04-21,25.809999465942383
2015-04-22,25.809999465942383
2015-04-23,25.6200008392334
2015-04-24,25.520000457763672
2015-04-27,25.440000534057617
2015-04-28,25.280000686645508
2015-04-29,25.059999465942383
2015-04-30,24.90999984741211
2015-05-01,25.030000686645508
2015-05-04,25.100000381469727
2015-05-05,25.030000686645508
2015-05-06,24.75
2015-05-07,24.8799991607666
2015-05-08,24.90999984741211
2015-05-11,24.989999771118164
2015-05-12,24.850000381469727
2015-05-13,24.6299991607666
2015-05-14,24.549999237060547
2015-05-15,24.510000228881836
2015-05-18,24.75
2015-05-19,25.040000915527344
2015-05-20,25.09000015258789
2015-05-21,25.049999237060547
2015-05-22,25.280000686645508
2015-05-26,25.559999465942383
2015-05-27,25.56999969482422
2015-05-28,25.5
2015-05-29,25.459999084472656
2015-06-01,25.610000610351562
2015-06-02,25.219999313354492
2015-06-03,25.049999237060547
2015-06-04,25.079999923706055
2015-06-05,25.299999237060547
2015-06-08,25.010000228881836
2015-06-09,24.979999542236328
2015-06-10,24.84000015258789
2015-06-11,24.90999984741211
2015-06-12,24.889999389648438
2015-06-15,24.8700008392334
2015-06-16,24.920000076293945
2015-06-17,24.700000762939453
2015-06-18,24.6200008392334
2015-06-19,24.68000030517578
2015-06-22,24.729999542236328
2015-06-23,25.020000457763672
2015-06-24,24.969999313354492
2015-06-25,24.93000030517578
2015-06-26,25.0
2015-06-29,24.860000610351562
2015-06-30,25.030000686645508
2015-07-01,25.229999542236328
2015-07-02,25.170000076293945
2015-07-06,25.219999313354492
2015-07-07,25.299999237060547
2015-07-08,25.200000762939453
2015-07-09,25.280000686645508
2015-07-10,25.100000381469727
2015-07-13,25.350000381469727
2015-07-14,25.309999465942383
2015-07-15,25.420000076293945
2015-07-16,25.559999465942383
2015-07-17,25.6200008392334
2015-07-20,25.6299991607666
2015-07-21,25.450000762939453
2015-07-22,25.510000228881836
2015-07-23,25.40999984741211
2015-07-24,25.450000762939453
2015-07-27,25.25
2015-07-28,25.270000457763672
2015-07-29,25.40999984741211
2015-07-30,25.510000228881836
2015-07-31,25.43000030517578
2015-08-03,25.489999771118164
2015-08-04,25.6200008392334
2015-08-05,25.610000610351562
2015-08-06,25.559999465942383
2015-08-07,25.520000457763672
2015-08-10,25.399999618530273
2015-08-11,25.399999618530273
2015-08-12,25.1299991607666
2015-08-13,25.170000076293945
2015-08-14,25.239999771118164
2015-08-17,25.280000686645508
2015-08-18,25.34000015258789
2015-08-19,25.18000030517578
2015-08-20,25.040000915527344
2015-08-21,24.799999237060547
2015-08-24,24.389999389648438
2015-08-25,24.559999465942383
2015-08-26,24.860000610351562
2015-08-27,25.020000457763672
2015-08-28,25.100000381469727
2015-08-31,25.059999465942383
2015-09-01,24.90999984741211
2015-09-02,25.040000915527344
2015-09-03,25.15999984741211
2015-09-04,25.1299991607666
2015-09-08,25.040000915527344
2015-09-09,25.040000915527344
2015-09-10,24.940000534057617
2015-09-11,24.829999923706055
2015-09-14,24.84000015258789
2015-09-15,24.940000534057617
2015-09-16,24.8700008392334
2015-09-17,24.610000610351562
2015-09-18,24.860000610351562
2015-09-21,25.010000228881836
2015-09-22,25.1200008392334
2015-09-23,25.1200008392334
2015-09-24,25.040000915527344
2015-09-25,25.079999923706055
2015-09-28,25.049999237060547
2015-09-29,25.010000228881836
2015-09-30,25.100000381469727
2015-10-01,25.09000015258789
2015-10-02,25.030000686645508
2015-10-05,25.040000915527344
2015-10-06,24.8700008392334
2015-10-07,24.899999618530273
2015-10-08,24.84000015258789
2015-10-09,24.719999313354492
2015-10-12,24.700000762939453
2015-10-13,24.65999984741211
2015-10-14,24.450000762939453
2015-10-15,24.610000610351562
2015-10-16,24.649999618530273
2015-10-19,24.719999313354492
2015-10-20,24.700000762939453
2015-10-21,24.729999542236328
2015-10-22,25.09000015258789
2015-10-23,25.299999237060547
2015-10-26,25.219999313354492
2015-10-27,25.239999771118164
2015-10-28,25.450000762939453
2015-10-29,25.34000015258789
2015-10-30,25.25
2015-11-02,25.229999542236328
2015-11-03,25.299999237060547
2015-11-04,25.510000228881836
2015-11-05,25.530000686645508
2015-11-06,25.829999923706055
2015-11-09,25.780000686645508
2015-11-10,25.850000381469727
2015-11-11,25.780000686645508
2015-11-12,25.670000076293945
2015-11-13,25.760000228881836
2015-11-16,25.899999618530273
2015-11-17,25.940000534057617
2015-11-18,25.940000534057617
2015-11-19,25.760000228881836
2015-11-20,25.940000534057617
2015-11-23,25.979999542236328
2015-11-24,25.93000030517578
2015-11-25,25.979999542236328
2015-11-27,26.020000457763672
2015-11-30,26.079999923706055
2015-12-01,25.959999084472656
2015-12-02,26.020000457763672
2015-12-03,25.399999618530273
2015-12-04,25.579999923706055
2015-12-07,25.65999984741211
2015-12-08,25.579999923706055
2015-12-09,25.309999465942383
2015-12-10,25.450000762939453
2015-12-11,25.350000381469727
2015-12-14,25.399999618530273
2015-12-15,25.540000915527344
2015-12-16,25.540000915527344
2015-12-17,25.780000686645508
2015-12-18,25.6299991607666
2015-12-21,25.540000915527344
2015-12-22,25.5
2015-12-23,25.540000915527344
2015-12-24,25.479999542236328
2015-12-28,25.450000762939453
2015-12-29,25.520000457763672
2015-12-30,25.520000457763672
2015-12-31,25.649999618530273
2016-01-04,25.690000534057617
2016-01-05,25.84000015258789
2016-01-06,25.770000457763672
2016-01-07,25.510000228881836
2016-01-08,25.559999465942383
2016-01-11,25.68000030517578
2016-01-12,25.719999313354492
2016-01-13,25.68000030517578
2016-01-14,25.75
2016-01-15,25.690000534057617
2016-01-19,25.739999771118164
2016-01-20,25.75
2016-01-21,25.719999313354492
2016-01-22,25.860000610351562
2016-01-25,25.780000686645508
2016-01-26,25.729999542236328
2016-01-27,25.709999084472656
2016-01-28,25.59000015258789
2016-01-29,25.860000610351562
2016-02-01,25.690000534057617
2016-02-02,25.670000076293945
2016-02-03,25.229999542236328
2016-02-04,25.059999465942383
2016-02-05,25.170000076293945
2016-02-08,25.110000610351562
2016-02-09,24.93000030517578
2016-02-10,24.8799991607666
2016-02-11,24.809999465942383
2016-02-12,24.920000076293945
2016-02-16,25.139999389648438
2016-02-17,25.1299991607666
2016-02-18,25.139999389648438
2016-02-19,25.06999969482422
2016-02-22,25.260000228881836
2016-02-23,25.270000457763672
2016-02-24,25.290000915527344
2016-02-25,25.270000457763672
2016-02-26,25.440000534057617
2016-02-29,25.489999771118164
2016-03-01,25.5
2016-03-02,25.479999542236328
2016-03-03,25.31999969482422
2016-03-04,25.25
2016-03-07,25.200000762939453
2016-03-08,25.209999084472656
2016-03-09,25.219999313354492
2016-03-10,24.969999313354492
2016-03-11,24.950000762939453
2016-03-14,25.049999237060547
2016-03-15,25.06999969482422
2016-03-16,24.799999237060547
2016-03-17,24.579999923706055
2016-03-18,24.639999389648438
2016-03-21,24.719999313354492
2016-03-22,24.790000915527344
2016-03-23,24.920000076293945
2016-03-24,24.93000030517578
2016-03-28,24.8799991607666
2016-03-29,24.65999984741211
2016-03-30,24.579999923706055
2016-03-31,24.540000915527344
2016-04-01,24.530000686645508
2016-04-04,24.510000228881836
2016-04-05,24.530000686645508
2016-04-06,24.479999542236328
2016-04-07,24.510000228881836
2016-04-08,24.420000076293945
2016-04-11,24.360000610351562
2016-04-12,24.360000610351562
2016-04-13,24.549999237060547
2016-04-14,24.610000610351562
2016-04-15,24.540000915527344
2016-04-18,24.489999771118164
2016-04-19,24.3700008392334
2016-04-20,24.510000228881836
2016-04-21,24.510000228881836
2016-04-22,24.649999618530273
2016-04-25,24.56999969482422
2016-04-26,24.5
2016-04-27,24.469999313354492
2016-04-28,24.270000457763672
2016-04-29,24.100000381469727
2016-05-02,24.010000228881836
2016-05-03,24.079999923706055
2016-05-04,24.170000076293945
2016-05-05,24.290000915527344
2016-05-06,24.31999969482422
2016-05-09,24.389999389648438
2016-05-10,24.40999984741211
2016-05-11,24.290000915527344
2016-05-12,24.3799991607666
2016-05-13,24.489999771118164
2016-05-16,24.479999542236328
2016-05-17,24.479999542236328
2016-05-18,24.649999618530273
2016-05-19,24.690000534057617
2016-05-20,24.690000534057617
2016-05-23,24.68000030517578
2016-05-24,24.760000228881836
2016-05-25,24.690000534057617
2016-05-26,24.649999618530273
2016-05-27,24.790000915527344
2016-05-31,24.84000015258789
2016-06-01,24.700000762939453
2016-06-02,24.729999542236328
2016-06-03,24.34000015258789
2016-06-06,24.34000015258789
2016-06-07,24.299999237060547
2016-06-08,24.229999542236328
2016-06-09,24.34000015258789
2016-06-10,24.5
2016-06-13,24.440000534057617
2016-06-14,24.59000015258789
2016-06-15,24.530000686645508
2016-06-16,24.5
2016-06-17,24.389999389648438
2016-06-20,24.25
2016-06-21,24.3700008392334
2016-06-22,24.260000228881836
2016-06-23,24.149999618530273
2016-06-24,24.780000686645508
2016-06-27,24.989999771118164
2016-06-28,24.8700008392334
2016-06-29,24.790000915527344
2016-06-30,24.84000015258789
2016-07-01,24.760000228881836
2016-07-05,24.93000030517578
2016-07-06,24.860000610351562
2016-07-07,24.920000076293945
2016-07-08,24.93000030517578
2016-07-11,25.0
2016-07-12,24.979999542236328
2016-07-13,24.920000076293945
2016-07-14,24.860000610351562
2016-07-15,24.959999084472656
2016-07-18,24.979999542236328
2016-07-19,25.100000381469727
2016-07-20,25.1200008392334
2016-07-21,25.079999923706055
2016-07-22,25.209999084472656
2016-07-25,25.170000076293945
2016-07-26,25.139999389648438
2016-07-27,25.020000457763672
2016-07-28,25.010000228881836
2016-07-29,24.670000076293945
2016-08-01,24.739999771118164
2016-08-02,24.56999969482422
2016-08-03,24.709999084472656
2016-08-04,24.75
2016-08-05,24.8799991607666
2016-08-08,24.899999618530273
2016-08-09,24.850000381469727
2016-08-10,24.719999313354492
2016-08-11,24.790000915527344
2016-08-12,24.75
2016-08-15,24.709999084472656
2016-08-16,24.489999771118164
2016-08-17,24.510000228881836
2016-08-18,24.329999923706055
2016-08-19,24.420000076293945
2016-08-22,24.450000762939453
2016-08-23,24.43000030517578
2016-08-24,24.5
2016-08-25,24.5
2016-08-26,24.68000030517578
2016-08-29,24.700000762939453
2016-08-30,24.829999923706055
2016-08-31,24.81999969482422
2016-09-01,24.729999542236328
2016-09-02,24.790000915527344
2016-09-06,24.5
2016-09-07,24.540000915527344
2016-09-08,24.56999969482422
2016-09-09,24.639999389648438
2016-09-12,24.600000381469727
2016-09-13,24.700000762939453
2016-09-14,24.639999389648438
2016-09-15,24.6299991607666
2016-09-16,24.829999923706055
2016-09-19,24.770000457763672
2016-09-20,24.809999465942383
2016-09-21,24.700000762939453
2016-09-22,24.670000076293945
2016-09-23,24.68000030517578
2016-09-26,24.6299991607666
2016-09-27,24.649999618530273
2016-09-28,24.670000076293945
2016-09-29,24.690000534057617
2016-09-30,24.68000030517578
2016-10-03,24.729999542236328
2016-10-04,24.84000015258789
2016-10-05,24.8700008392334
2016-10-06,25.0
2016-10-07,24.959999084472656
2016-10-10,25.059999465942383
2016-10-11,25.25
2016-10-12,25.31999969482422
2016-10-13,25.229999542236328
2016-10-14,25.360000610351562
2016-10-17,25.299999237060547
2016-10-18,25.31999969482422
2016-10-19,25.329999923706055
2016-10-20,25.40999984741211
2016-10-21,25.5
2016-10-24,25.530000686645508
2016-10-25,25.520000457763672
2016-10-26,25.510000228881836
2016-10-27,25.559999465942383
2016-10-28,25.40999984741211
2016-10-31,25.420000076293945
2016-11-01,25.290000915527344
2016-11-02,25.200000762939453
2016-11-03,25.1299991607666
2016-11-04,25.059999465942383
2016-11-07,25.270000457763672
2016-11-08,25.34000015258789
2016-11-09,25.5
2016-11-10,25.549999237060547
2016-11-11,25.59000015258789
2016-11-14,25.84000015258789
2016-11-15,25.8799991607666
2016-11-16,25.950000762939453
2016-11-17,26.100000381469727
2016-11-18,26.190000534057617
2016-11-21,26.09000015258789
2016-11-22,26.1299991607666
2016-11-23,26.290000915527344
2016-11-25,26.239999771118164
2016-11-28,26.170000076293945
2016-11-29,26.110000610351562
2016-11-30,26.25
2016-12-01,26.110000610351562
2016-12-02,26.049999237060547
2016-12-05,25.8799991607666
2016-12-06,25.979999542236328
2016-12-07,25.899999618530273
2016-12-08,26.1299991607666
2016-12-09,26.239999771118164
2016-12-12,26.09000015258789
2016-12-13,26.1200008392334
2016-12-14,26.3700008392334
2016-12-15,26.65999984741211
2016-12-16,26.56999969482422
2016-12-19,26.649999618530273
2016-12-20,26.700000762939453
2016-12-21,26.6200008392334
2016-12-22,26.649999618530273
2016-12-23,26.6299991607666
2016-12-27,26.6200008392334
2016-12-28,26.690000534057617
2016-12-29,26.540000915527344
2016-12-30,26.459999084472656
2017-01-03,26.700000762939453
2017-01-04,26.5
2017-01-05,26.219999313354492
2017-01-06,26.40999984741211
2017-01-09,26.34000015258789
2017-01-10,26.350000381469727
2017-01-11,26.290000915527344
2017-01-12,26.190000534057617
2017-01-13,26.15999984741211
2017-01-17,25.920000076293945
2017-01-18,26.15999984741211
2017-01-19,26.1200008392334
2017-01-20,26.030000686645508
2017-01-23,25.889999389648438
2017-01-24,25.899999618530273
2017-01-25,25.809999465942383
2017-01-26,25.979999542236328
2017-01-27,25.989999771118164
2017-01-30,25.940000534057617
2017-01-31,25.729999542236328
2017-02-01,25.75
2017-02-02,25.790000915527344
2017-02-03,25.780000686645508
2017-02-06,25.799999237060547
2017-02-07,25.93000030517578
2017-02-08,25.899999618530273
2017-02-09,26.0
2017-02-10,26.030000686645508
2017-02-13,26.09000015258789
2017-02-14,26.149999618530273
2017-02-15,26.100000381469727
2017-02-16,25.950000762939453
2017-02-17,26.079999923706055
2017-02-21,26.200000762939453
2017-02-22,26.139999389648438
2017-02-23,26.079999923706055
2017-02-24,26.1299991607666
2017-02-27,26.1299991607666
2017-02-28,26.110000610351562
2017-03-01,26.290000915527344
2017-03-02,26.399999618530273
2017-03-03,26.170000076293945
2017-03-06,26.260000228881836
2017-03-07,26.290000915527344
2017-03-08,26.3799991607666
2017-03-09,26.329999923706055
2017-03-10,26.149999618530273
2017-03-13,26.190000534057617
2017-03-14,26.280000686645508
2017-03-15,25.969999313354492
2017-03-16,25.8799991607666
2017-03-17,25.889999389648438
2017-03-20,25.899999618530273
2017-03-21,25.739999771118164
2017-03-22,25.719999313354492
2017-03-23,25.75
2017-03-24,25.739999771118164
2017-03-27,25.600000381469727
2017-03-28,25.739999771118164
2017-03-29,25.790000915527344
2017-03-30,25.959999084472656
2017-03-31,25.950000762939453
2017-04-03,25.950000762939453
2017-04-04,25.979999542236328
2017-04-05,25.969999313354492
2017-04-06,26.030000686645508
2017-04-07,26.149999618530273
2017-04-10,26.100000381469727
2017-04-11,26.020000457763672
2017-04-12,25.889999389648438
2017-04-13,25.979999542236328
2017-04-17,25.90999984741211
2017-04-18,25.690000534057617
2017-04-19,25.780000686645508
2017-04-20,25.790000915527344
2017-04-21,25.809999465942383
2017-04-24,25.56999969482422
2017-04-25,25.5
2017-04-26,25.559999465942383
2017-04-27,25.600000381469727
2017-04-28,25.56999969482422
2017-05-01,25.59000015258789
2017-05-02,25.549999237060547
2017-05-03,25.649999618530273
2017-05-04,25.489999771118164
2017-05-05,25.450000762939453
2017-05-08,25.59000015258789
2017-05-09,25.719999313354492
2017-05-10,25.729999542236328
2017-05-11,25.739999771118164
2017-05-12,25.610000610351562
2017-05-15,25.540000915527344
2017-05-16,25.350000381469727
2017-05-17,25.18000030517578
2017-05-18,25.270000457763672
2017-05-19,25.09000015258789
2017-05-22,25.049999237060547
2017-05-23,25.15999984741211
2017-05-24,25.079999923706055
2017-05-25,25.110000610351562
2017-05-26,25.170000076293945
2017-05-30,25.139999389648438
2017-05-31,25.079999923706055
2017-06-01,25.110000610351562
2017-06-02,24.989999771118164
2017-06-05,25.010000228881836
2017-06-06,24.950000762939453
2017-06-07,24.979999542236328
2017-06-08,25.06999969482422
2017-06-09,25.149999618530273
2017-06-12,25.110000610351562
2017-06-13,25.079999923706055
2017-06-14,25.059999465942383
2017-06-15,25.209999084472656
2017-06-16,25.1200008392334
2017-06-19,25.229999542236328
2017-06-20,25.270000457763672
2017-06-21,25.219999313354492
2017-06-22,25.229999542236328
2017-06-23,25.149999618530273
2017-06-26,25.190000534057617
2017-06-27,24.90999984741211
2017-06-28,24.829999923706055
2017-06-29,24.709999084472656
2017-06-30,24.75
2017-07-03,24.899999618530273
2017-07-05,24.90999984741211
2017-07-06,24.799999237060547
2017-07-07,24.84000015258789
2017-07-10,24.850000381469727
2017-07-11,24.760000228881836
2017-07-12,24.760000228881836
2017-07-13,24.770000457763672
2017-07-14,24.6200008392334
2017-07-17,24.6200008392334
2017-07-18,24.489999771118164
2017-07-19,24.549999237060547
2017-07-20,24.399999618530273
2017-07-21,24.31999969482422
2017-07-24,24.329999923706055
2017-07-25,24.3700008392334
2017-07-26,24.229999542236328
2017-07-27,24.31999969482422
2017-07-28,24.170000076293945
2017-07-31,24.06999969482422
2017-08-01,24.110000610351562
2017-08-02,24.079999923706055
2017-08-03,24.020000457763672
2017-08-04,24.229999542236328
2017-08-07,24.219999313354492
2017-08-08,24.260000228881836
2017-08-09,24.239999771118164
2017-08-10,24.200000762939453
2017-08-11,24.110000610351562
2017-08-14,24.209999084472656
2017-08-15,24.31999969482422
2017-08-16,24.239999771118164
2017-08-17,24.290000915527344
2017-08-18,24.209999084472656
2017-08-21,24.139999389648438
2017-08-22,24.239999771118164
2017-08-23,24.139999389648438
2017-08-24,24.190000534057617
2017-08-25,23.989999771118164
2017-08-28,23.920000076293945
2017-08-29,23.950000762939453
2017-08-30,24.100000381469727
2017-08-31,24.030000686645508
2017-09-01,24.079999923706055
2017-09-05,23.950000762939453
2017-09-06,23.93000030517578
2017-09-07,23.760000228881836
2017-09-08,23.700000762939453
2017-09-11,23.860000610351562
2017-09-12,23.850000381469727
2017-09-13,23.989999771118164
2017-09-14,23.920000076293945
2017-09-15,23.84000015258789
2017-09-18,23.899999618530273
2017-09-19,23.829999923706055
2017-09-20,24.020000457763672
2017-09-21,23.950000762939453
2017-09-22,23.93000030517578
2017-09-25,24.06999969482422
2017-09-26,24.149999618530273
2017-09-27,24.270000457763672
2017-09-28,24.200000762939453
2017-09-29,24.18000030517578
2017-10-02,24.31999969482422
2017-10-03,24.309999465942383
2017-10-04,24.280000686645508
2017-10-05,24.40999984741211
2017-10-06,24.3700008392334
2017-10-09,24.329999923706055
2017-10-10,24.200000762939453
2017-10-11,24.1299991607666
2017-10-12,24.18000030517578
2017-10-13,24.18000030517578
2017-10-16,24.239999771118164
2017-10-17,24.299999237060547
2017-10-18,24.270000457763672
2017-10-19,24.209999084472656
2017-10-20,24.350000381469727
2017-10-23,24.3799991607666
2017-10-24,24.420000076293945
2017-10-25,24.360000610351562
2017-10-26,24.6200008392334
2017-10-27,24.68000030517578
2017-10-30,24.559999465942383
2017-10-31,24.579999923706055
2017-11-01,24.6299991607666
2017-11-02,24.6299991607666
2017-11-03,24.690000534057617
2017-11-06,24.6299991607666
2017-11-07,24.670000076293945
2017-11-08,24.65999984741211
2017-11-09,24.559999465942383
2017-11-10,24.540000915527344
2017-11-13,24.559999465942383
2017-11-14,24.389999389648438
2017-11-15,24.3799991607666
2017-11-16,24.40999984741211
2017-11-17,24.34000015258789
2017-11-20,24.459999084472656
2017-11-21,24.43000030517578
2017-11-22,24.239999771118164
2017-11-24,24.1299991607666
2017-11-27,24.15999984741211
2017-11-28,24.260000228881836
2017-11-29,24.25
2017-11-30,24.190000534057617
2017-12-01,24.170000076293945
2017-12-04,24.25
2017-12-05,24.290000915527344
2017-12-06,24.350000381469727
2017-12-07,24.399999618530273
2017-12-08,24.440000534057617
2017-12-11,24.440000534057617
2017-12-12,24.479999542236328
2017-12-13,24.309999465942383
2017-12-14,24.329999923706055
2017-12-15,24.43000030517578
2017-12-18,24.3700008392334
2017-12-19,24.299999237060547
2017-12-20,24.270000457763672
2017-12-21,24.260000228881836
2017-12-22,24.270000457763672
2017-12-26,24.25
2017-12-27,24.200000762939453
2017-12-28,24.1299991607666
2017-12-29,24.030000686645508
2018-01-02,23.93000030517578
2018-01-03,24.020000457763672
2018-01-04,23.940000534057617
2018-01-05,23.959999084472656
2018-01-08,24.06999969482422
2018-01-09,24.1200008392334
2018-01-10,24.059999465942383
2018-01-11,23.959999084472656
2018-01-12,23.709999084472656
2018-01-16,23.579999923706055
2018-01-17,23.639999389648438
2018-01-18,23.610000610351562
2018-01-19,23.649999618530273
2018-01-22,23.56999969482422
2018-01-23,23.510000228881836
2018-01-24,23.280000686645508
2018-01-25,23.309999465942383
2018-01-26,23.260000228881836
2018-01-29,23.31999969482422
2018-01-30,23.280000686645508
2018-01-31,23.25
2018-02-01,23.1299991607666
2018-02-02,23.270000457763672
2018-02-05,23.3700008392334
2018-02-06,23.420000076293945
2018-02-07,23.600000381469727
2018-02-08,23.600000381469727
2018-02-09,23.6200008392334
2018-02-12,23.540000915527344
2018-02-13,23.40999984741211
2018-02-14,23.229999542236328
2018-02-15,23.1299991607666
2018-02-16,23.290000915527344
2018-02-20,23.440000534057617
2018-02-21,23.530000686645508
2018-02-22,23.450000762939453
2018-02-23,23.5
2018-02-26,23.469999313354492
2018-02-27,23.6200008392334
2018-02-28,23.690000534057617
2018-03-01,23.610000610351562
2018-03-02,23.510000228881836
2018-03-05,23.510000228881836
2018-03-06,23.450000762939453
2018-03-07,23.43000030517578
2018-03-08,23.579999923706055
2018-03-09,23.549999237060547
2018-03-12,23.520000457763672
2018-03-13,23.459999084472656
2018-03-14,23.469999313354492
2018-03-15,23.559999465942383
2018-03-16,23.6200008392334
2018-03-19,23.520000457763672
2018-03-20,23.65999984741211
2018-03-21,23.469999313354492
2018-03-22,23.5
2018-03-23,23.420000076293945
2018-03-26,23.309999465942383
2018-03-27,23.420000076293945
2018-03-28,23.6299991607666
2018-03-29,23.610000610351562
2018-04-02,23.600000381469727
2018-04-03,23.639999389648438
2018-04-04,23.6299991607666
2018-04-05,23.719999313354492
2018-04-06,23.6299991607666
2018-04-09,23.56999969482422
2018-04-10,23.510000228881836
2018-04-11,23.489999771118164
2018-04-12,23.540000915527344
2018-04-13,23.540000915527344
2018-04-16,23.459999084472656
2018-04-17,23.459999084472656
2018-04-18,23.510000228881836
2018-04-19,23.579999923706055
2018-04-20,23.719999313354492
2018-04-23,23.8700008392334
2018-04-24,23.84000015258789
2018-04-25,23.940000534057617
2018-04-26,24.049999237060547
2018-04-27,24.030000686645508
2018-04-30,24.1299991607666
2018-05-01,24.290000915527344
2018-05-02,24.399999618530273
2018-05-03,24.299999237060547
2018-05-04,24.329999923706055
2018-05-07,24.3799991607666
2018-05-08,24.469999313354492
2018-05-09,24.469999313354492
2018-05-10,24.360000610351562
2018-05-11,24.31999969482422
2018-05-14,24.350000381469727
2018-05-15,24.5
2018-05-16,24.559999465942383
2018-05-17,24.59000015258789
2018-05-18,24.639999389648438
2018-05-21,24.6200008392334
2018-05-22,24.610000610351562
2018-05-23,24.709999084472656
2018-05-24,24.68000030517578
2018-05-25,24.799999237060547
2018-05-29,24.969999313354492
2018-05-30,24.780000686645508
2018-05-31,24.760000228881836
2018-06-01,24.799999237060547
2018-06-04,24.780000686645508
2018-06-05,24.75
2018-06-06,24.68000030517578
2018-06-07,24.6299991607666
2018-06-08,24.639999389648438
2018-06-11,24.65999984741211
2018-06-12,24.709999084472656
2018-06-13,24.670000076293945
2018-06-14,24.989999771118164
2018-06-15,24.969999313354492
2018-06-18,24.969999313354492
2018-06-19,25.040000915527344
2018-06-20,25.059999465942383
2018-06-21,24.989999771118164
2018-06-22,24.899999618530273
2018-06-25,24.860000610351562
2018-06-26,24.989999771118164
2018-06-27,25.139999389648438
2018-06-28,25.139999389648438
2018-06-29,24.940000534057617
2018-07-02,25.059999465942383
2018-07-03,24.979999542236328
2018-07-05,24.899999618530273
2018-07-06,24.81999969482422
2018-07-09,24.829999923706055
2018-07-10,24.84000015258789
2018-07-11,25.010000228881836
2018-07-12,25.030000686645508
2018-07-13,25.0
2018-07-16,24.959999084472656
2018-07-17,25.06999969482422
2018-07-18,25.100000381469727
2018-07-19,25.149999618530273
2018-07-20,24.950000762939453
2018-07-23,24.989999771118164
2018-07-24,25.0
2018-07-25,24.8799991607666
2018-07-26,25.049999237060547
2018-07-27,25.020000457763672
2018-07-30,24.93000030517578
2018-07-31,24.979999542236328
2018-08-01,25.010000228881836
2018-08-02,25.149999618530273
2018-08-03,25.170000076293945
2018-08-06,25.209999084472656
2018-08-07,25.18000030517578
2018-08-08,25.149999618530273
2018-08-09,25.299999237060547
2018-08-10,25.479999542236328
2018-08-13,25.489999771118164
2018-08-14,25.59000015258789
2018-08-15,25.59000015258789
2018-08-16,25.56999969482422
2018-08-17,25.440000534057617
2018-08-20,25.3799991607666
2018-08-21,25.229999542236328
2018-08-22,25.15999984741211
2018-08-23,25.31999969482422
2018-08-24,25.200000762939453
2018-08-27,25.100000381469727
2018-08-28,25.100000381469727
2018-08-29,25.059999465942383
2018-08-30,25.079999923706055
2018-08-31,25.190000534057617
2018-09-04,25.299999237060547
2018-09-05,25.209999084472656
2018-09-06,25.209999084472656
2018-09-07,25.280000686645508
2018-09-10,25.229999542236328
2018-09-11,25.25
2018-09-12,25.15999984741211
2018-09-13,25.09000015258789
2018-09-14,25.18000030517578
2018-09-17,25.059999465942383
2018-09-18,25.100000381469727
2018-09-19,25.09000015258789
2018-09-20,24.90999984741211
2018-09-21,24.989999771118164
2018-09-24,24.989999771118164
2018-09-25,25.010000228881836
2018-09-26,25.020000457763672
2018-09-27,25.200000762939453
2018-09-28,25.260000228881836
2018-10-01,25.299999237060547
2018-10-02,25.34000015258789
2018-10-03,25.420000076293945
2018-10-04,25.43000030517578
2018-10-05,25.399999618530273
2018-10-08,25.43000030517578
2018-10-09,25.420000076293945
2018-10-10,25.389999389648438
2018-10-11,25.25
2018-10-12,25.329999923706055
2018-10-15,25.270000457763672
2018-10-16,25.280000686645508
2018-10-17,25.40999984741211
2018-10-18,25.520000457763672
2018-10-19,25.469999313354492
2018-10-22,25.559999465942383
2018-10-23,25.520000457763672
2018-10-24,25.649999618530273
2018-10-25,25.719999313354492
2018-10-26,25.649999618530273
2018-10-29,25.719999313354492
2018-10-30,25.829999923706055
2018-10-31,25.81999969482422
2018-11-01,25.649999618530273
2018-11-02,25.709999084472656
2018-11-05,25.700000762939453
2018-11-06,25.639999389648438
2018-11-07,25.59000015258789
2018-11-08,25.739999771118164
2018-11-09,25.790000915527344
2018-11-12,26.020000457763672
2018-11-13,25.93000030517578
2018-11-14,25.84000015258789
2018-11-15,25.899999618530273
2018-11-16,25.709999084472656
2018-11-19,25.690000534057617
2018-11-20,25.81999969482422
2018-11-21,25.81999969482422
2018-11-23,25.8700008392334
2018-11-26,25.920000076293945
2018-11-27,25.989999771118164
2018-11-28,25.860000610351562
2018-11-29,25.81999969482422
2018-11-30,25.920000076293945
2018-12-03,25.93000030517578
2018-12-04,25.8799991607666
2018-12-06,25.8700008392334
2018-12-07,25.799999237060547
2018-12-10,25.969999313354492
2018-12-11,26.040000915527344
2018-12-12,25.940000534057617
2018-12-13,25.940000534057617
2018-12-14,26.040000915527344
2018-12-17,25.969999313354492
2018-12-18,25.959999084472656
2018-12-19,25.969999313354492
2018-12-20,25.770000457763672
2018-12-21,25.940000534057617
2018-12-24,25.549999237060547
2018-12-26,25.68000030517578
2018-12-27,25.56999969482422
2018-12-28,25.5
2018-12-31,25.450000762939453
2019-01-02,25.639999389648438
2019-01-03,25.5
2019-01-04,25.459999084472656
2019-01-07,25.350000381469727
2019-01-08,25.43000030517578
2019-01-09,25.190000534057617
2019-01-10,25.34000015258789
2019-01-11,25.360000610351562
2019-01-14,25.360000610351562
2019-01-15,25.450000762939453
2019-01-16,25.479999542236328
2019-01-17,25.479999542236328
2019-01-18,25.559999465942383
2019-01-22,25.559999465942383
2019-01-23,25.5
2019-01-24,25.649999618530273
2019-01-25,25.440000534057617
2019-01-28,25.459999084472656
2019-01-29,25.469999313354492
2019-01-30,25.34000015258789
2019-01-31,25.389999389648438
2019-02-01,25.389999389648438
2019-02-04,25.459999084472656
2019-02-05,25.530000686645508
2019-02-06,25.6299991607666
2019-02-07,25.690000534057617
2019-02-08,25.719999313354492
2019-02-11,25.81999969482422
2019-02-12,25.729999542236328
2019-02-13,25.8700008392334
2019-02-14,25.84000015258789
2019-02-15,25.790000915527344
2019-02-19,25.690000534057617
2019-02-20,25.709999084472656
2019-02-21,25.729999542236328
2019-02-22,25.719999313354492
2019-02-25,25.700000762939453
2019-02-26,25.600000381469727
2019-02-27,25.6200008392334
2019-02-28,25.639999389648438
2019-03-01,25.739999771118164
2019-03-04,25.770000457763672
2019-03-05,25.84000015258789
2019-03-06,25.84000015258789
2019-03-07,26.06999969482422
2019-03-08,25.989999771118164
2019-03-11,25.93000030517578
2019-03-12,25.8799991607666
2019-03-13,25.760000228881836
2019-03-14,25.84000015258789
2019-03-15,25.799999237060547
2019-03-18,25.770000457763672
2019-03-19,25.739999771118164
2019-03-20,25.59000015258789
2019-03-21,25.75
2019-03-22,25.799999237060547
2019-03-25,25.799999237060547
2019-03-26,25.8799991607666
2019-03-27,25.90999984741211
2019-03-28,26.0
2019-03-29,26.030000686645508
2019-04-01,26.010000228881836
2019-04-02,26.040000915527344
2019-04-03,26.0
2019-04-04,26.030000686645508
2019-04-05,26.059999465942383
2019-04-08,25.969999313354492
2019-04-09,25.979999542236328
2019-04-10,25.940000534057617
2019-04-11,26.020000457763672
2019-04-12,25.959999084472656
2019-04-15,25.950000762939453
2019-04-16,26.010000228881836
2019-04-17,25.989999771118164
2019-04-18,26.1299991607666
2019-04-22,26.06999969482422
2019-04-23,26.15999984741211
2019-04-24,26.290000915527344
2019-04-25,26.34000015258789
2019-04-26,26.309999465942383
2019-04-29,26.25
2019-04-30,26.170000076293945
2019-05-01,26.200000762939453
2019-05-02,26.260000228881836
2019-05-03,26.15999984741211
2019-05-06,26.18000030517578
2019-05-07,26.200000762939453
2019-05-08,26.209999084472656
2019-05-09,26.15999984741211
2019-05-10,26.149999618530273
2019-05-13,26.149999618530273
2019-05-14,26.209999084472656
2019-05-15,26.219999313354492
2019-05-16,26.290000915527344
2019-05-17,26.350000381469727
2019-05-20,26.329999923706055
2019-05-21,26.3700008392334
2019-05-22,26.389999389648438
2019-05-23,26.34000015258789
2019-05-24,26.25
2019-05-28,26.360000610351562
2019-05-29,26.420000076293945
2019-05-30,26.43000030517578
2019-05-31,26.31999969482422
2019-06-03,26.18000030517578
2019-06-04,26.149999618530273
2019-06-05,26.239999771118164
2019-06-06,26.149999618530273
2019-06-07,26.040000915527344
2019-06-10,26.06999969482422
2019-06-11,26.079999923706055
2019-06-12,26.149999618530273
2019-06-13,26.170000076293945
2019-06-14,26.309999465942383
2019-06-17,26.31999969482422
2019-06-18,26.360000610351562
2019-06-19,26.239999771118164
2019-06-20,26.079999923706055
2019-06-21,25.950000762939453
2019-06-24,25.90999984741211
2019-06-25,25.969999313354492
2019-06-26,25.989999771118164
2019-06-27,25.989999771118164
2019-06-28,25.969999313354492
2019-07-01,26.15999984741211
2019-07-02,26.139999389648438
2019-07-03,26.139999389648438
2019-07-05,26.280000686645508
2019-07-08,26.329999923706055
2019-07-09,26.350000381469727
2019-07-10,26.239999771118164
2019-07-11,26.239999771118164
2019-07-12,26.190000534057617
2019-07-15,26.229999542236328
2019-07-16,26.350000381469727
2019-07-17,26.299999237060547
2019-07-18,26.15999984741211
2019-07-19,26.290000915527344
2019-07-22,26.34000015258789
2019-07-23,26.459999084472656
2019-07-24,26.459999084472656
2019-07-25,26.510000228881836
2019-07-26,26.549999237060547
2019-07-29,26.56999969482422
2019-07-30,26.56999969482422
2019-07-31,26.729999542236328
2019-08-01,26.649999618530273
2019-08-02,26.59000015258789
2019-08-05,26.459999084472656
2019-08-06,26.489999771118164
2019-08-07,26.469999313354492
2019-08-08,26.489999771118164
2019-08-09,26.459999084472656
2019-08-12,26.440000534057617
2019-08-13,26.559999465942383
2019-08-14,26.6200008392334
2019-08-15,26.639999389648438
2019-08-16,26.65999984741211
2019-08-19,26.719999313354492
2019-08-20,26.65999984741211
2019-08-21,26.690000534057617
2019-08-22,26.670000076293945
2019-08-23,26.520000457763672
2019-08-26,26.65999984741211
2019-08-27,26.639999389648438
2019-08-28,26.700000762939453
2019-08-29,26.770000457763672
2019-08-30,26.8700008392334
2019-09-03,26.93000030517578
2019-09-04,26.760000228881836
2019-09-05,26.770000457763672
2019-09-06,26.780000686645508
2019-09-09,26.729999542236328
2019-09-10,26.760000228881836
2019-09-11,26.84000015258789
2019-09-12,26.760000228881836
2019-09-13,26.719999313354492
2019-09-16,26.84000015258789
2019-09-17,26.719999313354492
2019-09-18,26.81999969482422
2019-09-19,26.760000228881836
2019-09-20,26.829999923706055
2019-09-23,26.8700008392334
2019-09-24,26.770000457763672
2019-09-25,26.979999542236328
2019-09-26,27.049999237060547
2019-09-27,27.010000228881836
2019-09-30,27.100000381469727
2019-10-01,27.010000228881836
2019-10-02,26.989999771118164
2019-10-03,26.979999542236328
2019-10-04,26.959999084472656
2019-10-07,27.010000228881836
2019-10-08,27.049999237060547
2019-10-09,27.030000686645508
2019-10-10,26.920000076293945
2019-10-11,26.81999969482422
2019-10-14,26.899999618530273
2019-10-15,26.81999969482422
2019-10-16,26.75
2019-10-17,26.649999618530273
2019-10-18,26.549999237060547
2019-10-21,26.56999969482422
2019-10-22,26.6299991607666
2019-10-23,26.6200008392334
2019-10-24,26.700000762939453
2019-10-25,26.729999542236328
2019-10-28,26.709999084472656
2019-10-29,26.700000762939453
2019-10-30,26.639999389648438
2019-10-31,26.59000015258789
2019-11-01,26.579999923706055
2019-11-04,26.68000030517578
2019-11-05,26.780000686645508
2019-11-06,26.780000686645508
2019-11-07,26.84000015258789
2019-11-08,26.899999618530273
2019-11-11,26.860000610351562
2019-11-12,26.899999618530273
2019-11-13,26.889999389648438
2019-11-14,26.8700008392334
2019-11-15,26.809999465942383
2019-11-18,26.760000228881836
2019-11-19,26.790000915527344
2019-11-20,26.790000915527344
2019-11-21,26.829999923706055
2019-11-22,26.90999984741211
2019-11-25,26.93000030517578
2019-11-26,26.899999618530273
2019-11-27,26.940000534057617
2019-11-29,26.90999984741211
2019-12-02,26.799999237060547
2019-12-03,26.770000457763672
2019-12-04,26.739999771118164
2019-12-05,26.68000030517578
2019-12-06,26.780000686645508
2019-12-09,26.75
2019-12-10,26.719999313354492
2019-12-11,26.6200008392334
2019-12-12,26.65999984741211
2019-12-13,26.65999984741211
2019-12-16,26.610000610351562
2019-12-17,26.65999984741211
2019-12-18,26.709999084472656
2019-12-19,26.709999084472656
2019-12-20,26.799999237060547
2019-12-23,26.260000228881836
2019-12-24,26.260000228881836
2019-12-26,26.219999313354492
2019-12-27,26.09000015258789
2019-12-30,26.040000915527344
2019-12-31,25.969999313354492
2020-01-02,26.059999465942383
2020-01-03,26.09000015258789
2020-01-06,26.030000686645508
2020-01-07,26.1200008392334
2020-01-08,26.190000534057617
2020-01-09,26.239999771118164
2020-01-10,26.219999313354492
2020-01-13,26.219999313354492
2020-01-14,26.229999542236328
2020-01-15,26.190000534057617
2020-01-16,26.229999542236328
2020-01-17,26.31999969482422
2020-01-21,26.299999237060547
2020-01-22,26.280000686645508
2020-01-23,26.350000381469727
2020-01-24,26.389999389648438
2020-01-27,26.43000030517578
2020-01-28,26.43000030517578
2020-01-29,26.469999313354492
2020-01-30,26.389999389648438
2020-01-31,26.280000686645508
2020-02-03,26.40999984741211
2020-02-04,26.450000762939453
2020-02-05,26.549999237060547
2020-02-06,26.600000381469727
2020-02-07,26.65999984741211
2020-02-10,26.700000762939453
2020-02-11,26.670000076293945
2020-02-12,26.739999771118164
2020-02-13,26.770000457763672
2020-02-14,26.760000228881836
2020-02-18,26.860000610351562
2020-02-19,26.90999984741211
2020-02-20,26.989999771118164
2020-02-21,26.829999923706055
2020-02-24,26.84000015258789
2020-02-25,26.760000228881836
2020-02-26,26.780000686645508
2020-02-27,26.6200008392334
2020-02-28,26.530000686645508
2020-03-02,26.389999389648438
2020-03-03,26.280000686645508
2020-03-04,26.3700008392334
2020-03-05,26.170000076293945
2020-03-06,26.020000457763672
2020-03-09,25.739999771118164
2020-03-10,26.1200008392334
2020-03-11,26.15999984741211
2020-03-12,26.440000534057617
2020-03-13,27.440000534057617
2020-03-16,26.559999465942383
2020-03-17,27.030000686645508
2020-03-18,27.440000534057617
2020-03-19,28.09000015258789
2020-03-20,28.010000228881836
2020-03-23,27.969999313354492
2020-03-24,27.649999618530273
2020-03-25,27.389999389648438
2020-03-26,26.950000762939453
2020-03-27,26.729999542236328
2020-03-30,26.850000381469727
2020-03-31,26.829999923706055
2020-04-01,27.0
2020-04-02,27.139999389648438
2020-04-03,27.290000915527344
2020-04-06,27.299999237060547
2020-04-07,27.049999237060547
2020-04-08,27.149999618530273
2020-04-09,26.950000762939453
2020-04-13,26.90999984741211
2020-04-14,26.760000228881836
2020-04-15,26.959999084472656
2020-04-16,27.079999923706055
2020-04-17,27.010000228881836
2020-04-20,27.100000381469727
2020-04-21,27.139999389648438
2020-04-22,27.219999313354492
2020-04-23,27.229999542236328
2020-04-24,27.170000076293945
2020-04-27,27.100000381469727
2020-04-28,27.06999969482422
2020-04-29,26.959999084472656
2020-04-30,26.790000915527344
2020-05-01,26.81999969482422
2020-05-04,26.969999313354492
2020-05-05,26.989999771118164
2020-05-06,27.1200008392334
2020-05-07,27.040000915527344
2020-05-08,27.030000686645508
2020-05-11,27.1299991607666
2020-05-12,27.079999923706055
2020-05-13,27.1299991607666
2020-05-14,27.15999984741211
2020-05-15,27.18000030517578
2020-05-18,26.959999084472656
2020-05-19,26.940000534057617
2020-05-20,26.850000381469727
2020-05-21,26.90999984741211
2020-05-22,26.989999771118164
2020-05-26,26.790000915527344
2020-05-27,26.780000686645508
2020-05-28,26.639999389648438
2020-05-29,26.600000381469727
2020-06-01,26.450000762939453
2020-06-02,26.420000076293945
2020-06-03,26.260000228881836
2020-06-04,26.15999984741211
2020-06-05,26.209999084472656
2020-06-08,26.139999389648438
2020-06-09,26.059999465942383
2020-06-10,25.93000030517578
2020-06-11,26.190000534057617
2020-06-12,26.260000228881836
2020-06-15,26.149999618530273
2020-06-16,26.229999542236328
2020-06-17,26.25
2020-06-18,26.350000381469727
2020-06-19,26.3799991607666
2020-06-22,26.239999771118164
2020-06-23,26.149999618530273
2020-06-24,26.270000457763672
2020-06-25,26.309999465942383
2020-06-26,26.350000381469727
2020-06-29,26.360000610351562
2020-06-30,26.31999969482422
2020-07-01,26.260000228881836
2020-07-02,26.280000686645508
2020-07-06,26.139999389648438
2020-07-07,26.200000762939453
2020-07-08,26.059999465942383
2020-07-09,26.149999618530273
2020-07-10,26.110000610351562
2020-07-13,26.06999969482422
2020-07-14,26.020000457763672
2020-07-15,25.950000762939453
2020-07-16,26.040000915527344
2020-07-17,25.93000030517578
2020-07-20,25.889999389648438
2020-07-21,25.729999542236328
2020-07-22,25.65999984741211
2020-07-23,25.610000610351562
2020-07-24,25.5
2020-07-27,25.309999465942383
2020-07-28,25.350000381469727
2020-07-29,25.229999542236328
2020-07-30,25.1299991607666
2020-07-31,25.280000686645508
2020-08-03,25.280000686645508
2020-08-04,25.190000534057617
2020-08-05,25.079999923706055
2020-08-06,25.079999923706055
2020-08-07,25.229999542236328
2020-08-10,25.270000457763672
2020-08-11,25.309999465942383
2020-08-12,25.229999542236328
2020-08-13,25.219999313354492
2020-08-14,25.18000030517578
2020-08-17,25.06999969482422
2020-08-18,24.93000030517578
2020-08-19,25.1299991607666
2020-08-20,25.059999465942383
2020-08-21,25.18000030517578
2020-08-24,25.219999313354492
2020-08-25,25.1299991607666
2020-08-26,25.100000381469727
2020-08-27,25.1299991607666
2020-08-28,24.93000030517578
2020-08-31,24.899999618530273
2020-09-01,24.950000762939453
2020-09-02,25.040000915527344
2020-09-03,25.049999237060547
2020-09-04,25.09000015258789
2020-09-08,25.219999313354492
2020-09-09,25.18000030517578
2020-09-10,25.229999542236328
2020-09-11,25.18000030517578
2020-09-14,25.1200008392334
2020-09-15,25.139999389648438
2020-09-16,25.170000076293945
2020-09-17,25.079999923706055
2020-09-18,25.110000610351562
2020-09-21,25.290000915527344
2020-09-22,25.3799991607666
2020-09-23,25.520000457763672
2020-09-24,25.479999542236328
2020-09-25,25.549999237060547
2020-09-28,25.469999313354492
2020-09-29,25.350000381469727
2020-09-30,25.350000381469727
2020-10-01,25.309999465942383
2020-10-02,25.3700008392334
2020-10-05,25.260000228881836
2020-10-06,25.329999923706055
2020-10-07,25.299999237060547
2020-10-08,25.290000915527344
2020-10-09,25.139999389648438
2020-10-12,25.110000610351562
2020-10-13,25.260000228881836
2020-10-14,25.200000762939453
2020-10-15,25.31999969482422
2020-10-16,25.290000915527344
2020-10-19,25.209999084472656
2020-10-20,25.1299991607666
2020-10-21,25.0
2020-10-22,25.100000381469727
2020-10-23,25.040000915527344
2020-10-26,25.1299991607666
2020-10-27,25.079999923706055
2020-10-28,25.239999771118164
2020-10-29,25.34000015258789
2020-10-30,25.3700008392334
2020-11-02,25.399999618530273
2020-11-03,25.260000228881836
2020-11-04,25.219999313354492
2020-11-05,24.979999542236328
2020-11-06,24.889999389648438
2020-11-09,25.049999237060547
2020-11-10,25.049999237060547
2020-11-11,25.079999923706055
2020-11-12,25.079999923706055
2020-11-13,25.030000686645508
2020-11-16,24.969999313354492
2020-11-17,24.93000030517578
2020-11-18,24.940000534057617
2020-11-19,24.899999618530273
2020-11-20,24.93000030517578
2020-11-23,24.969999313354492
2020-11-24,24.850000381469727
2020-11-25,24.809999465942383
2020-11-27,24.760000228881836
2020-11-30,24.81999969482422
2020-12-01,24.600000381469727
2020-12-02,24.56999969482422
2020-12-03,24.440000534057617
2020-12-04,24.469999313354492
2020-12-07,24.510000228881836
2020-12-08,24.540000915527344
2020-12-09,24.549999237060547
2020-12-10,24.479999542236328
2020-12-11,24.540000915527344
2020-12-14,24.469999313354492
2020-12-15,24.389999389648438
2020-12-16,24.360000610351562
2020-12-17,24.229999542236328
2020-12-18,24.260000228881836
2020-12-21,24.309999465942383
2020-12-22,24.440000534057617
2020-12-23,24.329999923706055
2020-12-24,24.350000381469727
2020-12-28,24.350000381469727
2020-12-29,24.270000457763672
2020-12-30,24.170000076293945
2020-12-31,24.239999771118164
2021-01-04,24.260000228881836
2021-01-05,24.1200008392334
2021-01-06,24.09000015258789
2021-01-07,24.229999542236328
2021-01-08,24.270000457763672
2021-01-11,24.420000076293945
2021-01-12,24.290000915527344
2021-01-13,24.3700008392334
2021-01-14,24.31999969482422
2021-01-15,24.479999542236328
2021-01-19,24.40999984741211
2021-01-20,24.399999618530273
2021-01-21,24.290000915527344
2021-01-22,24.34000015258789
2021-01-25,24.3700008392334
2021-01-26,24.299999237060547
2021-01-27,24.450000762939453
2021-01-28,24.389999389648438
2021-01-29,24.420000076293945
2021-02-01,24.540000915527344
2021-02-02,24.56999969482422
2021-02-03,24.559999465942383
2021-02-04,24.670000076293945
2021-02-05,24.530000686645508
2021-02-08,24.520000457763672
2021-02-09,24.389999389648438
2021-02-10,24.3799991607666
2021-02-11,24.3700008392334
2021-02-12,24.389999389648438
2021-02-16,24.389999389648438
2021-02-17,24.489999771118164
2021-02-18,24.40999984741211
2021-02-19,24.350000381469727
2021-02-22,24.280000686645508
2021-02-23,24.299999237060547
2021-02-24,24.260000228881836
2021-02-25,24.34000015258789
2021-02-26,24.520000457763672
2021-03-01,24.540000915527344
2021-03-02,24.450000762939453
2021-03-03,24.520000457763672
2021-03-04,24.68000030517578
2021-03-05,24.770000457763672
2021-03-08,24.90999984741211
2021-03-09,24.770000457763672
2021-03-10,24.729999542236328
2021-03-11,24.610000610351562
2021-03-12,24.690000534057617
2021-03-15,24.739999771118164
2021-03-16,24.739999771118164
2021-03-17,24.6200008392334
2021-03-18,24.770000457763672
2021-03-19,24.780000686645508
2021-03-22,24.729999542236328
2021-03-23,24.8799991607666
2021-03-24,24.940000534057617
2021-03-25,25.010000228881836
2021-03-26,24.979999542236328
2021-03-29,25.040000915527344
2021-03-30,25.139999389648438
2021-03-31,25.1200008392334
2021-04-01,25.010000228881836
2021-04-05,24.93000030517578
2021-04-06,24.8700008392334
2021-04-07,24.899999618530273
2021-04-08,24.790000915527344
2021-04-09,24.809999465942383
2021-04-12,24.799999237060547
2021-04-13,24.709999084472656
2021-04-14,24.68000030517578
2021-04-15,24.68000030517578
2021-04-16,24.649999618530273
2021-04-19,24.510000228881836
2021-04-20,24.549999237060547
2021-04-21,24.520000457763672
2021-04-22,24.59000015258789
2021-04-23,24.450000762939453
2021-04-26,24.450000762939453
2021-04-27,24.459999084472656
2021-04-28,24.3700008392334
2021-04-29,24.3799991607666
2021-04-30,24.579999923706055
2021-05-03,24.469999313354492
2021-05-04,24.579999923706055
2021-05-05,24.56999969482422
2021-05-06,24.450000762939453
2021-05-07,24.270000457763672
2021-05-10,24.270000457763672
2021-05-11,24.25
2021-05-12,24.43000030517578
2021-05-13,24.389999389648438
2021-05-14,24.290000915527344
2021-05-17,24.260000228881836
2021-05-18,24.149999618530273
2021-05-19,24.260000228881836
2021-05-20,24.139999389648438
2021-05-21,24.219999313354492
2021-05-24,24.15999984741211
2021-05-25,24.1299991607666
2021-05-26,24.219999313354492
2021-05-27,24.200000762939453
2021-05-28,24.219999313354492
2021-06-01,24.18000030517578
2021-06-02,24.18000030517578
2021-06-03,24.329999923706055
2021-06-04,24.239999771118164
2021-06-07,24.200000762939453
2021-06-08,24.229999542236328
2021-06-09,24.25
2021-06-10,24.229999542236328
2021-06-11,24.350000381469727
2021-06-14,24.329999923706055
2021-06-15,24.350000381469727
2021-06-16,24.549999237060547
2021-06-17,24.739999771118164
2021-06-18,24.81999969482422
2021-06-21,24.700000762939453
2021-06-22,24.65999984741211
2021-06-23,24.700000762939453
2021-06-24,24.68000030517578
2021-06-25,24.690000534057617
2021-06-28,24.700000762939453
2021-06-29,24.760000228881836
2021-06-30,24.829999923706055
2021-07-01,24.899999618530273
2021-07-02,24.799999237060547
2021-07-06,24.889999389648438
2021-07-07,24.93000030517578
2021-07-08,24.829999923706055
2021-07-09,24.770000457763672
2021-07-12,24.799999237060547
2021-07-13,24.950000762939453
2021-07-14,24.829999923706055
2021-07-15,24.899999618530273
2021-07-16,24.93000030517578
2021-07-19,24.969999313354492
2021-07-20,25.0
2021-07-21,24.940000534057617
2021-07-22,24.969999313354492
2021-07-23,24.979999542236328
2021-07-26,24.899999618530273
2021-07-27,24.860000610351562
2021-07-28,24.790000915527344
2021-07-29,24.700000762939453
2021-07-30,24.770000457763672
2021-08-02,24.739999771118164
2021-08-03,24.75
2021-08-04,24.790000915527344
2021-08-05,24.790000915527344
2021-08-06,24.93000030517578
2021-08-09,24.979999542236328
2021-08-10,25.0
2021-08-11,24.950000762939453
2021-08-12,24.979999542236328
2021-08-13,24.860000610351562
2021-08-16,24.8799991607666
2021-08-17,25.030000686645508
2021-08-18,25.030000686645508
2021-08-19,25.149999618530273
2021-08-20,25.1200008392334
2021-08-23,24.969999313354492
2021-08-24,24.950000762939453
2021-08-25,24.93000030517578
2021-08-26,25.0
2021-08-27,24.889999389648438
2021-08-30,24.889999389648438
2021-08-31,24.889999389648438
2021-09-01,24.84000015258789
2021-09-02,24.780000686645508
2021-09-03,24.729999542236328
2021-09-07,24.850000381469727
2021-09-08,24.889999389648438
2021-09-09,24.829999923706055
2021-09-10,24.8700008392334
2021-09-13,24.8700008392334
2021-09-14,24.8700008392334
2021-09-15,24.81999969482422
2021-09-16,24.93000030517578
2021-09-17,25.020000457763672
2021-09-20,25.030000686645508
2021-09-21,25.010000228881836
2021-09-22,25.079999923706055
2021-09-23,24.979999542236328
2021-09-24,25.049999237060547
2021-09-27,25.079999923706055
2021-09-28,25.170000076293945
2021-09-29,25.350000381469727
2021-09-30,25.309999465942383
2021-10-01,25.260000228881836
2021-10-04,25.18000030517578
2021-10-05,25.229999542236328
2021-10-06,25.299999237060547
2021-10-07,25.290000915527344
2021-10-08,25.270000457763672
2021-10-11,25.34000015258789
2021-10-12,25.3700008392334
2021-10-13,25.229999542236328
2021-10-14,25.229999542236328
2021-10-15,25.200000762939453
2021-10-18,25.209999084472656
2021-10-19,25.149999618530273
2021-10-20,25.110000610351562
2021-10-21,25.170000076293945
2021-10-22,25.1200008392334
2021-10-25,25.15999984741211
2021-10-26,25.209999084472656
2021-10-27,25.200000762939453
2021-10-28,25.049999237060547
2021-10-29,25.25
2021-11-01,25.170000076293945
2021-11-02,25.229999542236328
2021-11-03,25.170000076293945
2021-11-04,25.299999237060547
2021-11-05,25.280000686645508
2021-11-08,25.229999542236328
2021-11-09,25.200000762939453
2021-11-10,25.469999313354492
2021-11-11,25.530000686645508
2021-11-12,25.5
2021-11-15,25.639999389648438
2021-11-16,25.739999771118164
2021-11-17,25.690000534057617
2021-11-18,25.6200008392334
2021-11-19,25.75
2021-11-22,25.8799991607666
2021-11-23,25.8700008392334
2021-11-24,25.969999313354492
2021-11-26,25.770000457763672
2021-11-29,25.81999969482422
2021-11-30,25.700000762939453
2021-12-01,25.770000457763672
2021-12-02,25.780000686645508
2021-12-03,25.770000457763672
2021-12-06,25.809999465942383
2021-12-07,25.81999969482422
2021-12-08,25.700000762939453
2021-12-09,25.790000915527344
2021-12-10,25.75
2021-12-13,25.829999923706055
2021-12-14,25.8799991607666
2021-12-15,25.84000015258789
2021-12-16,25.729999542236328
2021-12-17,25.90999984741211
2021-12-20,25.8799991607666
2021-12-21,25.850000381469727
2021-12-22,25.75
2021-12-23,25.729999542236328
2021-12-27,25.739999771118164
2021-12-28,25.770000457763672
2021-12-29,25.700000762939453
2021-12-30,25.739999771118164
2021-12-31,25.6299991607666
2022-01-03,25.790000915527344
2022-01-04,25.809999465942383
2022-01-05,25.780000686645508
2022-01-06,25.799999237060547
2022-01-07,25.65999984741211
2022-01-10,25.719999313354492
2022-01-11,25.610000610351562
2022-01-12,25.440000534057617
2022-01-13,25.43000030517578
2022-01-14,25.5
2022-01-18,25.65999984741211
2022-01-19,25.600000381469727
2022-01-20,25.68000030517578
2022-01-21,25.610000610351562
2022-01-24,25.690000534057617
2022-01-25,25.700000762939453
2022-01-26,25.84000015258789
2022-01-27,26.059999465942383
2022-01-28,26.049999237060547
2022-01-31,25.8700008392334
2022-02-01,25.799999237060547
2022-02-02,25.700000762939453
2022-02-03,25.56999969482422
2022-02-04,25.549999237060547
2022-02-07,25.559999465942383
2022-02-08,25.600000381469727
2022-02-09,25.56999969482422
2022-02-10,25.610000610351562
2022-02-11,25.719999313354492
2022-02-14,25.790000915527344
2022-02-15,25.690000534057617
2022-02-16,25.639999389648438
2022-02-17,25.649999618530273
2022-02-18,25.719999313354492
2022-02-22,25.729999542236328
2022-02-23,25.760000228881836
2022-02-24,25.969999313354492
2022-02-25,25.84000015258789
2022-02-28,25.8799991607666
2022-03-01,26.079999923706055
2022-03-02,26.059999465942383
2022-03-03,26.15999984741211
2022-03-04,26.360000610351562
2022-03-07,26.549999237060547
2022-03-08,26.5
2022-03-09,26.239999771118164
2022-03-10,26.3700008392334
2022-03-11,26.510000228881836
2022-03-14,26.5
2022-03-15,26.469999313354492
2022-03-16,26.280000686645508
2022-03-17,26.219999313354492
2022-03-18,26.25
2022-03-21,26.350000381469727
2022-03-22,26.34000015258789
2022-03-23,26.3700008392334
2022-03-24,26.399999618530273
2022-03-25,26.40999984741211
2022-03-28,26.489999771118164
2022-03-29,26.329999923706055
2022-03-30,26.190000534057617
2022-03-31,26.299999237060547
2022-04-01,26.34000015258789
2022-04-04,26.459999084472656
2022-04-05,26.600000381469727
2022-04-06,26.6200008392334
2022-04-07,26.670000076293945
2022-04-08,26.670000076293945
2022-04-11,26.729999542236328
2022-04-12,26.81999969482422
2022-04-13,26.709999084472656
2022-04-14,26.829999923706055
2022-04-18,26.940000534057617
2022-04-19,27.0
2022-04-20,26.809999465942383
2022-04-21,26.889999389648438
2022-04-22,27.049999237060547
2022-04-25,27.18000030517578
2022-04-26,27.350000381469727
2022-04-27,27.520000457763672
2022-04-28,27.68000030517578
2022-04-29,27.56999969482422
2022-05-02,27.709999084472656
2022-05-03,27.65999984741211
2022-05-04,27.43000030517578
2022-05-05,27.65999984741211
2022-05-06,27.709999084472656
2022-05-09,27.719999313354492
2022-05-10,27.780000686645508
2022-05-11,27.809999465942383
2022-05-12,28.049999237060547
2022-05-13,27.969999313354492
2022-05-16,27.860000610351562
2022-05-17,27.6299991607666
2022-05-18,27.770000457763672
2022-05-19,27.479999542236328
2022-05-20,27.540000915527344
2022-05-23,27.290000915527344
2022-05-24,27.209999084472656
2022-05-25,27.309999465942383
2022-05-26,27.219999313354492
2022-05-27,27.15999984741211
2022-05-31,27.209999084472656
2022-06-01,27.420000076293945
2022-06-02,27.18000030517578
2022-06-03,27.299999237060547
2022-06-06,27.360000610351562
2022-06-07,27.329999923706055
2022-06-08,27.40999984741211
2022-06-09,27.610000610351562
2022-06-10,27.829999923706055
2022-06-13,28.100000381469727
2022-06-14,28.15999984741211
2022-06-15,27.940000534057617
2022-06-16,27.670000076293945
2022-06-17,27.950000762939453
2022-06-21,27.850000381469727
2022-06-22,27.809999465942383
2022-06-23,27.84000015258789
2022-06-24,27.780000686645508
2022-06-27,27.729999542236328
2022-06-28,27.889999389648438
2022-06-29,28.049999237060547
2022-06-30,27.959999084472656
2022-07-01,28.049999237060547
2022-07-05,28.450000762939453
2022-07-06,28.579999923706055
2022-07-07,28.59000015258789
2022-07-08,28.56999969482422
2022-07-11,28.899999618530273
2022-07-12,28.889999389648438
2022-07-13,28.829999923706055
2022-07-14,29.030000686645508
2022-07-15,28.860000610351562
2022-07-18,28.700000762939453
2022-07-19,28.520000457763672
2022-07-20,28.600000381469727
2022-07-21,28.520000457763672
2022-07-22,28.479999542236328
2022-07-25,28.440000534057617
2022-07-26,28.65999984741211
2022-07-27,28.420000076293945
2022-07-28,28.399999618530273
2022-07-29,28.290000915527344
2022-08-01,28.18000030517578
2022-08-02,28.360000610351562
2022-08-03,28.440000534057617
2022-08-04,28.260000228881836
2022-08-05,28.5
2022-08-08,28.459999084472656
2022-08-09,28.43000030517578
2022-08-10,28.1200008392334
2022-08-11,28.139999389648438
2022-08-12,28.25
2022-08-15,28.5
2022-08-16,28.489999771118164
2022-08-17,28.530000686645508
2022-08-18,28.75
2022-08-19,28.93000030517578
2022-08-22,29.170000076293945
2022-08-23,29.049999237060547
2022-08-24,29.06999969482422
2022-08-25,29.020000457763672
2022-08-26,29.1299991607666
2022-08-29,29.139999389648438
2022-08-30,29.1299991607666
2022-08-31,29.110000610351562
2022-09-01,29.3700008392334
2022-09-02,29.3799991607666
2022-09-06,29.549999237060547
2022-09-07,29.34000015258789
2022-09-08,29.399999618530273
2022-09-09,29.190000534057617
2022-09-12,29.040000915527344
2022-09-13,29.440000534057617
2022-09-14,29.3799991607666
2022-09-15,29.399999618530273
2022-09-16,29.399999618530273
2022-09-19,29.3799991607666
2022-09-20,29.520000457763672
2022-09-21,29.809999465942383
2022-09-22,29.850000381469727
2022-09-23,30.31999969482422
2022-09-26,30.65999984741211
2022-09-27,30.670000076293945
2022-09-28,30.270000457763672
2022-09-29,30.149999618530273
2022-09-30,30.149999618530273
2022-10-03,30.010000228881836
2022-10-04,29.600000381469727
2022-10-05,29.8799991607666
2022-10-06,30.18000030517578
2022-10-07,30.299999237060547
2022-10-10,30.43000030517578
2022-10-11,30.450000762939453
2022-10-12,30.450000762939453
2022-10-13,30.25
2022-10-14,30.459999084472656
2022-10-17,30.149999618530273
2022-10-18,30.1299991607666
2022-10-19,30.350000381469727
2022-10-20,30.3700008392334
2022-10-21,30.110000610351562
2022-10-24,30.139999389648438
2022-10-25,29.809999465942383
2022-10-26,29.5
2022-10-27,29.729999542236328
2022-10-28,29.780000686645508
2022-10-31,30.030000686645508
2022-11-01,30.020000457763672
2022-11-02,30.149999618530273
2022-11-03,30.399999618530273
2022-11-04,29.829999923706055
2022-11-07,29.65999984741211
2022-11-08,29.530000686645508
2022-11-09,29.75
2022-11-10,29.06999969482422
2022-11-11,28.649999618530273
2022-11-14,28.780000686645508
2022-11-15,28.68000030517578
2022-11-16,28.6200008392334
2022-11-17,28.729999542236328
2022-11-18,28.809999465942383
2022-11-21,29.059999465942383
2022-11-22,28.8799991607666
2022-11-23,28.579999923706055
2022-11-25,28.579999923706055
2022-11-28,28.790000915527344
2022-11-29,28.84000015258789
2022-11-30,28.610000610351562
2022-12-01,28.260000228881836
2022-12-02,28.229999542236328
2022-12-05,28.459999084472656
2022-12-06,28.479999542236328
2022-12-07,28.389999389648438
2022-12-08,28.299999237060547
2022-12-09,28.360000610351562
2022-12-12,28.3799991607666
2022-12-13,28.1299991607666
2022-12-14,28.0
2022-12-15,28.260000228881836
2022-12-16,28.309999465942383
2022-12-19,28.06999969482422
2022-12-20,27.8799991607666
2022-12-21,27.950000762939453
2022-12-22,27.989999771118164
2022-12-23,27.979999542236328
2022-12-27,27.969999313354492
2022-12-28,28.06999969482422
2022-12-29,27.899999618530273
2022-12-30,27.809999465942383
2023-01-03,28.110000610351562
2023-01-04,28.010000228881836
2023-01-05,28.270000457763672
2023-01-06,27.899999618530273
2023-01-09,27.729999542236328
2023-01-10,27.75
2023-01-11,27.75
2023-01-12,27.479999542236328
2023-01-13,27.469999313354492
2023-01-17,27.549999237060547
2023-01-18,27.549999237060547
2023-01-19,27.479999542236328
2023-01-20,27.440000534057617
2023-01-23,27.479999542236328
2023-01-24,27.450000762939453
2023-01-25,27.360000610351562
2023-01-26,27.43000030517578
2023-01-27,27.469999313354492
2023-01-30,27.56999969482422
2023-01-31,27.510000228881836
2023-02-01,27.25
2023-02-02,27.43000030517578
2023-02-03,27.790000915527344
2023-02-06,27.950000762939453
2023-02-07,27.899999618530273
2023-02-08,27.93000030517578
2023-02-09,27.889999389648438
2023-02-10,27.979999542236328
2023-02-13,27.899999618530273
2023-02-14,27.8799991607666
2023-02-15,28.06999969482422
2023-02-16,28.110000610351562
2023-02-17,28.09000015258789
2023-02-21,28.18000030517578
2023-02-22,28.270000457763672
2023-02-23,28.280000686645508
2023-02-24,28.489999771118164
2023-02-27,28.34000015258789
2023-02-28,28.420000076293945
2023-03-01,28.270000457763672
2023-03-02,28.420000076293945
2023-03-03,28.309999465942383
2023-03-06,28.270000457763672
2023-03-07,28.6200008392334
2023-03-08,28.610000610351562
2023-03-09,28.530000686645508
2023-03-10,28.350000381469727
2023-03-13,28.09000015258789
2023-03-14,28.09000015258789
2023-03-15,28.389999389648438
2023-03-16,28.360000610351562
2023-03-17,28.200000762939453
2023-03-20,28.040000915527344
2023-03-21,28.030000686645508
2023-03-22,27.81999969482422
2023-03-23,27.860000610351562
2023-03-24,28.030000686645508
2023-03-27,27.940000534057617
2023-03-28,27.84000015258789
2023-03-29,27.90999984741211
2023-03-30,27.780000686645508
2023-03-31,27.8799991607666
2023-04-03,27.75
2023-04-04,27.639999389648438
2023-04-05,27.719999313354492
2023-04-06,27.739999771118164
2023-04-10,27.899999618530273
2023-04-11,27.799999237060547
2023-04-12,27.649999618530273
2023-04-13,27.520000457763672
2023-04-14,27.68000030517578
2023-04-17,27.81999969482422
2023-04-18,27.719999313354492
2023-04-19,27.780000686645508
2023-04-20,27.780000686645508
2023-04-21,27.75
2023-04-24,27.65999984741211
2023-04-25,27.790000915527344
2023-04-26,27.700000762939453
2023-04-27,27.709999084472656
2023-04-28,27.75
2023-05-01,27.889999389648438
2023-05-02,27.81999969482422
2023-05-03,27.670000076293945
2023-05-04,27.700000762939453
2023-05-05,27.65999984741211
2023-05-08,27.700000762939453
2023-05-09,27.790000915527344
2023-05-10,27.739999771118164
2023-05-11,27.920000076293945
2023-05-12,28.100000381469727
2023-05-15,28.020000457763672
2023-05-16,28.09000015258789
2023-05-17,28.139999389648438
2023-05-18,28.350000381469727
2023-05-19,28.270000457763672
2023-05-22,28.290000915527344
2023-05-23,28.3700008392334
2023-05-24,28.469999313354492
2023-05-25,28.600000381469727
2023-05-26,28.59000015258789
2023-05-30,28.559999465942383
2023-05-31,28.610000610351562
2023-06-01,28.270000457763672
2023-06-02,28.56999969482422
2023-06-05,28.520000457763672
2023-06-06,28.610000610351562
2023-06-07,28.6200008392334
2023-06-08,28.389999389648438
2023-06-09,28.479999542236328
2023-06-12,28.489999771118164
2023-06-13,28.399999618530273
2023-06-14,28.260000228881836
2023-06-15,28.100000381469727
2023-06-16,28.149999618530273
2023-06-20,28.229999542236328
2023-06-21,28.100000381469727
2023-06-22,28.200000762939453
2023-06-23,28.350000381469727
2023-06-26,28.31999969482422
2023-06-27,28.25
2023-06-28,28.3799991607666
2023-06-29,28.5
2023-06-30,28.3799991607666
2023-07-03,28.40999984741211
2023-07-05,28.540000915527344
2023-07-06,28.469999313354492
2023-07-07,28.229999542236328
2023-07-10,28.15999984741211
2023-07-11,28.09000015258789
2023-07-12,27.760000228881836
2023-07-13,27.56999969482422
2023-07-14,27.6200008392334
2023-07-17,27.59000015258789
2023-07-18,27.610000610351562
2023-07-19,27.719999313354492
2023-07-20,27.8799991607666
2023-07-21,27.959999084472656
2023-07-24,28.059999465942383
2023-07-25,28.030000686645508
2023-07-26,27.950000762939453
2023-07-27,28.209999084472656
2023-07-28,28.170000076293945
2023-07-31,28.219999313354492
2023-08-01,28.350000381469727
2023-08-02,28.450000762939453
2023-08-03,28.43000030517578
2023-08-04,28.290000915527344
2023-08-07,28.309999465942383
2023-08-08,28.440000534057617
2023-08-09,28.459999084472656
2023-08-10,28.510000228881836
2023-08-11,28.56999969482422
2023-08-14,28.670000076293945
2023-08-15,28.68000030517578
2023-08-16,28.760000228881836
2023-08-17,28.75
2023-08-18,28.770000457763672
2023-08-21,28.739999771118164
2023-08-22,28.84000015258789
2023-08-23,28.739999771118164
2023-08-24,28.969999313354492
2023-08-25,29.010000228881836
2023-08-28,28.959999084472656
2023-08-29,28.799999237060547
2023-08-30,28.75
2023-08-31,28.889999389648438
2023-09-01,29.06999969482422
2023-09-05,29.219999313354492
2023-09-06,29.229999542236328
2023-09-07,29.299999237060547
2023-09-08,29.329999923706055
2023-09-11,29.190000534057617
2023-09-12,29.239999771118164
2023-09-13,29.260000228881836
2023-09-14,29.440000534057617
2023-09-15,29.420000076293945
2023-09-18,29.3700008392334
2023-09-19,29.389999389648438
2023-09-20,29.440000534057617
2023-09-21,29.459999084472656
2023-09-22,29.530000686645508
2023-09-25,29.639999389648438
2023-09-26,29.729999542236328
2023-09-27,29.8700008392334
2023-09-28,29.709999084472656
2023-09-29,29.729999542236328
2023-10-02,29.959999084472656
2023-10-03,29.989999771118164
2023-10-04,29.899999618530273
2023-10-05,29.799999237060547
2023-10-06,29.739999771118164
2023-10-09,29.729999542236328
2023-10-10,29.65999984741211
2023-10-11,29.65999984741211
2023-10-12,29.90999984741211
2023-10-13,29.93000030517578
2023-10-16,29.799999237060547
2023-10-17,29.809999465942383
2023-10-18,29.920000076293945
2023-10-19,29.829999923706055
2023-10-20,29.84000015258789
2023-10-23,29.690000534057617
2023-10-24,29.860000610351562
2023-10-25,29.940000534057617
2023-10-26,30.010000228881836
2023-10-27,29.969999313354492
2023-10-30,29.850000381469727
2023-10-31,30.030000686645508
2023-11-01,30.040000915527344
2023-11-02,29.889999389648438
2023-11-03,29.610000610351562
2023-11-06,29.639999389648438
2023-11-07,29.739999771118164
2023-11-08,29.729999542236328
2023-11-09,29.860000610351562
2023-11-10,29.84000015258789
2023-11-13,29.799999237060547
2023-11-14,29.329999923706055
2023-11-15,29.440000534057617
2023-11-16,29.459999084472656
2023-11-17,29.299999237060547
2023-11-20,29.209999084472656
2023-11-21,29.239999771118164
2023-11-22,29.34000015258789
2023-11-24,29.209999084472656
2023-11-27,29.149999618530273
2023-11-28,29.049999237060547
2023-11-29,29.079999923706055
2023-11-30,29.290000915527344
2023-12-01,29.200000762939453
2023-12-04,29.329999923706055
2023-12-05,29.440000534057617
2023-12-06,29.510000228881836
2023-12-07,29.350000381469727
2023-12-08,29.459999084472656
2023-12-11,29.5
2023-12-12,29.420000076293945
2023-12-13,29.170000076293945
2023-12-14,28.899999618530273
2023-12-15,29.09000015258789
2023-12-18,27.34000015258789
2023-12-19,27.219999313354492
2023-12-20,27.34000015258789
2023-12-21,27.15999984741211
2023-12-22,27.149999618530273
2023-12-26,27.09000015258789
2023-12-27,26.950000762939453
2023-12-28,27.040000915527344
2023-12-29,27.09000015258789
2024-01-02,27.31999969482422
2024-01-03,27.40999984741211
2024-01-04,27.40999984741211
2024-01-05,27.40999984741211
2024-01-08,27.360000610351562
2024-01-09,27.450000762939453
2024-01-10,27.399999618530273
2024-01-11,27.420000076293945
2024-01-12,27.450000762939453
2024-01-16,27.690000534057617
2024-01-17,27.709999084472656
2024-01-18,27.739999771118164
2024-01-19,27.700000762939453
2024-01-22,27.709999084472656
2024-01-23,27.780000686645508
2024-01-24,27.700000762939453
2024-01-25,27.780000686645508
2024-01-26,27.780000686645508
2024-01-29,27.780000686645508
2024-01-30,27.760000228881836
2024-01-31,27.829999923706055
2024-02-01,27.690000534057617
2024-02-02,27.940000534057617
2024-02-05,28.09000015258789
2024-02-06,28.010000228881836
2024-02-07,27.979999542236328
2024-02-08,28.010000228881836
2024-02-09,27.989999771118164
2024-02-12,28.020000457763672
2024-02-13,28.239999771118164
2024-02-14,28.190000534057617
2024-02-15,28.079999923706055
2024-02-16,28.09000015258789
2024-02-20,28.049999237060547
2024-02-21,28.020000457763672
2024-02-22,28.020000457763672
2024-02-23,28.040000915527344
2024-02-26,27.989999771118164
2024-02-27,28.010000228881836
2024-02-28,28.030000686645508
2024-02-29,28.09000015258789
2024-03-01,28.040000915527344
2024-03-04,28.040000915527344
2024-03-05,28.010000228881836
2024-03-06,27.90999984741211
2024-03-07,27.770000457763672
2024-03-08,27.780000686645508
2024-03-11,27.809999465942383
2024-03-12,27.829999923706055
2024-03-13,27.799999237060547
2024-03-14,27.950000762939453
2024-03-15,27.979999542236328
2024-03-18,28.040000915527344
2024-03-19,28.110000610351562
2024-03-20,27.979999542236328
2024-03-21,28.170000076293945
2024-03-22,28.31999969482422
2024-03-25,28.25
2024-03-26,28.270000457763672
2024-03-27,28.290000915527344
2024-03-28,28.3700008392334
2024-04-01,28.479999542236328
2024-04-02,28.440000534057617
2024-04-03,28.309999465942383
2024-04-04,28.309999465942383
2024-04-05,28.34000015258789
2024-04-08,28.299999237060547
2024-04-09,28.290000915527344
2024-04-10,28.59000015258789
2024-04-11,28.610000610351562
2024-04-12,28.84000015258789
2024-04-15,28.889999389648438
2024-04-16,28.93000030517578
2024-04-17,28.84000015258789
2024-04-18,28.899999618530273
2024-04-19,28.899999618530273
2024-04-22,28.90999984741211
2024-04-23,28.790000915527344
2024-04-24,28.81999969482422
2024-04-25,28.760000228881836
2024-04-26,28.889999389648438
2024-04-29,28.799999237060547
2024-04-30,28.979999542236328
2024-05-01,28.950000762939453
2024-05-02,28.729999542236328
2024-05-03,28.649999618530273
2024-05-06,28.68000030517578
2024-05-07,28.760000228881836
2024-05-08,28.799999237060547
2024-05-09,28.700000762939453
2024-05-10,28.739999771118164
2024-05-13,28.729999542236328
2024-05-14,28.670000076293945
2024-05-15,28.489999771118164
2024-05-16,28.559999465942383
2024-05-17,28.559999465942383
2024-05-20,28.600000381469727
2024-05-21,28.600000381469727
2024-05-22,28.690000534057617
2024-05-23,28.75
2024-05-24,28.65999984741211
2024-05-28,28.6200008392334
2024-05-29,28.780000686645508
2024-05-30,28.690000534057617
2024-05-31,28.670000076293945
2024-06-03,28.520000457763672
2024-06-04,28.530000686645508
2024-06-05,28.56999969482422
2024-06-06,28.530000686645508
2024-06-07,28.770000457763672
2024-06-10,28.84000015258789
2024-06-11,28.8799991607666
2024-06-12,28.75
2024-06-13,28.860000610351562
2024-06-14,28.989999771118164
2024-06-17,28.920000076293945
2024-06-18,28.90999984741211
2024-06-20,29.030000686645508
2024-06-21,29.100000381469727
2024-06-24,29.0
2024-06-25,29.030000686645508
2024-06-26,29.170000076293945
2024-06-27,29.1299991607666
2024-06-28,29.1299991607666
2024-07-01,29.139999389648438
2024-07-02,29.100000381469727
2024-07-03,28.979999542236328
2024-07-05,28.8799991607666
2024-07-08,28.93000030517578
2024-07-09,28.969999313354492
2024-07-10,28.940000534057617
2024-07-11,28.790000915527344
2024-07-12,28.690000534057617
2024-07-15,28.739999771118164
2024-07-16,28.739999771118164
2024-07-17,28.610000610351562
2024-07-18,28.739999771118164
2024-07-19,28.81999969482422
2024-07-22,28.799999237060547
2024-07-23,28.850000381469727
2024-07-24,28.84000015258789
2024-07-25,28.84000015258789
2024-07-26,28.81999969482422
2024-07-29,28.899999618530273
2024-07-30,28.920000076293945
2024-07-31,28.760000228881836
2024-08-01,28.860000610351562
2024-08-02,28.56999969482422
2024-08-05,28.40999984741211
2024-08-06,28.5
2024-08-07,28.559999465942383
2024-08-08,28.600000381469727
2024-08-09,28.56999969482422
2024-08-12,28.56999969482422
2024-08-13,28.420000076293945
2024-08-14,28.450000762939453
2024-08-15,28.549999237060547
2024-08-16,28.40999984741211
2024-08-19,28.260000228881836
2024-08-20,28.15999984741211
2024-08-21,28.06999969482422
2024-08-22,28.200000762939453
2024-08-23,27.959999084472656
2024-08-26,28.020000457763672
2024-08-27,27.93000030517578
2024-08-28,28.09000015258789
2024-08-29,28.190000534057617
2024-08-30,28.270000457763672
2024-09-03,28.31999969482422
2024-09-04,28.18000030517578
2024-09-05,28.139999389648438
2024-09-06,28.18000030517578
2024-09-09,28.299999237060547
2024-09-10,28.309999465942383
2024-09-11,28.34000015258789
2024-09-12,28.219999313354492
2024-09-13,28.18000030517578
2024-09-16,28.09000015258789
2024-09-17,28.18000030517578
2024-09-18,28.209999084472656
2024-09-19,28.09000015258789
2024-09-20,28.139999389648438
2024-09-23,28.18000030517578
2024-09-24,28.020000457763672
2024-09-25,28.209999084472656
2024-09-26,28.079999923706055
2024-09-27,28.06999969482422
2024-09-30,28.18000030517578
2024-10-01,28.299999237060547
2024-10-02,28.420000076293945
2024-10-03,28.510000228881836
2024-10-04,28.670000076293945
2024-10-07,28.690000534057617
2024-10-08,28.690000534057617
2024-10-09,28.81999969482422
2024-10-10,28.809999465942383
2024-10-11,28.829999923706055
2024-10-14,28.920000076293945
2024-10-15,28.940000534057617
2024-10-16,29.020000457763672
2024-10-17,29.110000610351562
2024-10-18,29.030000686645508
2024-10-21,29.15999984741211
2024-10-22,29.190000534057617
2024-10-23,29.290000915527344
2024-10-24,29.18000030517578
2024-10-25,29.280000686645508
2024-10-28,29.280000686645508
2024-10-29,29.290000915527344
2024-10-30,29.219999313354492
2024-10-31,29.200000762939453
2024-11-01,29.31999969482422
2024-11-04,29.209999084472656
2024-11-05,29.09000015258789
2024-11-06,29.559999465942383
2024-11-07,29.31999969482422
2024-11-08,29.520000457763672
2024-11-11,29.690000534057617
2024-11-12,29.81999969482422
2024-11-13,29.989999771118164
2024-11-14,30.110000610351562
2024-11-15,30.079999923706055
2024-11-18,29.93000030517578
2024-11-19,29.920000076293945
2024-11-20,30.06999969482422
2024-11-21,30.170000076293945
2024-11-22,30.329999923706055
2024-11-25,30.1200008392334
2024-11-26,30.15999984741211
2024-11-27,29.899999618530273
2024-11-29,29.850000381469727
2024-12-02,30.030000686645508
2024-12-03,30.020000457763672
2024-12-04,30.010000228881836
2024-12-05,29.850000381469727
2024-12-06,29.93000030517578
2024-12-09,29.979999542236328
2024-12-10,30.049999237060547
2024-12-11,30.149999618530273
2024-12-12,30.25
2024-12-13,30.260000228881836
2024-12-16,30.209999084472656
2024-12-17,30.239999771118164
2024-12-18,30.59000015258789
2024-12-19,30.649999618530273
2024-12-20,30.5
2024-12-23,29.290000915527344
2024-12-24,29.3700008392334
2024-12-26,29.309999465942383
2024-12-27,29.260000228881836
2024-12-30,29.290000915527344
2024-12-31,29.420000076293945
2025-01-02,29.670000076293945
2025-01-03,29.579999923706055
2025-01-06,29.389999389648438
2025-01-07,29.5
2025-01-08,29.610000610351562
2025-01-10,29.760000228881836
2025-01-13,29.850000381469727
2025-01-14,29.65999984741211
2025-01-15,29.610000610351562
2025-01-16,29.610000610351562
2025-01-17,29.719999313354492
2025-01-21,29.34000015258789
2025-01-22,29.389999389648438
2025-01-23,29.3799991607666
2025-01-24,29.200000762939453
2025-01-27,29.209999084472656
2025-01-28,29.329999923706055
2025-01-29,29.389999389648438
2025-01-30,29.389999389648438
2025-01-31,29.510000228881836
2025-02-03,29.639999389648438
2025-02-04,29.3700008392334
2025-02-05,29.31999969482422
2025-02-06,29.299999237060547
2025-02-07,29.43000030517578
2025-02-10,29.520000457763672
2025-02-11,29.420000076293945
2025-02-12,29.440000534057617
2025-02-13,29.200000762939453
2025-02-14,29.1200008392334
2025-02-18,29.18000030517578
2025-02-19,29.209999084472656
2025-02-20,28.979999542236328
2025-02-21,29.079999923706055
2025-02-24,29.100000381469727
2025-02-25,28.989999771118164
2025-02-26,29.049999237060547
2025-02-27,29.260000228881836
2025-02-28,29.389999389648438
2025-03-03,29.110000610351562
2025-03-04,28.850000381469727
2025-03-05,28.5
2025-03-06,28.479999542236328
2025-03-07,28.389999389648438
2025-03-10,28.40999984741211
2025-03-11,28.25
2025-03-12,28.31999969482422
2025-03-13,28.420000076293945
2025-03-14,28.389999389648438
2025-03-17,28.280000686645508
2025-03-18,28.260000228881836
2025-03-19,28.329999923706055
2025-03-20,28.40999984741211
2025-03-21,28.5
2025-03-24,28.549999237060547
2025-03-25,28.520000457763672
2025-03-26,28.649999618530273
2025-03-27,28.559999465942383
2025-03-28,28.510000228881836
2025-03-31,28.540000915527344
2025-04-01,28.56999969482422
2025-04-02,28.450000762939453
2025-04-03,27.950000762939453
2025-04-04,28.260000228881836
2025-04-07,28.3799991607666
2025-04-08,28.25
2025-04-09,28.290000915527344
2025-04-10,27.700000762939453
2025-04-11,27.450000762939453
2025-04-14,27.360000610351562
2025-04-15,27.510000228881836
2025-04-16,27.280000686645508
2025-04-17,27.299999237060547
2025-04-21,27.040000915527344
2025-04-22,27.190000534057617
2025-04-23,27.440000534057617
2025-04-24,27.31999969482422
2025-04-25,27.389999389648438
2025-04-28,27.219999313354492
2025-04-29,27.309999465942383
2025-04-30,27.40999984741211
2025-05-01,27.56999969482422
2025-05-02,27.530000686645508
2025-05-05,27.479999542236328
2025-05-06,27.309999465942383
2025-05-07,27.510000228881836
2025-05-08,27.739999771118164
2025-05-09,27.65999984741211
2025-05-12,28.049999237060547
2025-05-13,27.809999465942383
2025-05-14,27.8700008392334
2025-05-15,27.799999237060547
2025-05-16,27.8799991607666
2025-05-19,27.690000534057617
2025-05-20,27.610000610351562
2025-05-21,27.489999771118164
2025-05-22,27.56999969482422
2025-05-23,27.3700008392334
2025-05-27,27.520000457763672
2025-05-28,27.610000610351562
2025-05-29,27.459999084472656
2025-05-30,27.450000762939453
2025-06-02,27.260000228881836
2025-06-03,27.440000534057617
2025-06-04,27.31999969482422
2025-06-05,27.299999237060547
2025-06-06,27.440000534057617
2025-06-09,27.3700008392334
2025-06-10,27.399999618530273
2025-06-11,27.299999237060547
2025-06-12,27.100000381469727
2025-06-13,27.170000076293945
2025-06-16,27.200000762939453
2025-06-17,27.3799991607666
2025-06-18,27.43000030517578
2025-06-20,27.399999618530273
2025-06-23,27.290000915527344
2025-06-24,27.149999618530273
2025-06-25,27.079999923706055
2025-06-26,26.969999313354492
2025-06-27,27.020000457763672
2025-06-30,26.8799991607666
2025-07-01,26.8700008392334
2025-07-02,26.850000381469727
2025-07-03,26.979999542236328
2025-07-07,27.06999969482422
2025-07-08,27.09000015258789
2025-07-09,27.09000015258789
2025-07-10,27.139999389648438
2025-07-11,27.219999313354492
2025-07-14,27.290000915527344
2025-07-15,27.440000534057617
2025-07-16,27.34000015258789
2025-07-17,27.459999084472656
2025-07-18,27.420000076293945
2025-07-21,27.239999771118164
2025-07-22,27.100000381469727
2025-07-23,27.059999465942383
2025-07-24,27.1299991607666
2025-07-25,27.190000534057617
2025-07-28,27.5
2025-07-29,27.56999969482422
2025-07-30,27.84000015258789
2025-07-31,27.899999618530273
2025-08-01,27.56999969482422
2025-08-04,27.559999465942383
2025-08-05,27.559999465942383
2025-08-06,27.399999618530273
2025-08-07,27.3799991607666
2025-08-08,27.43000030517578
2025-08-11,27.540000915527344
2025-08-12,27.399999618530273
2025-08-13,27.329999923706055
2025-08-14,27.43000030517578
2025-08-15,27.34000015258789
2025-08-18,27.40999984741211
2025-08-19,27.479999542236328
2025-08-20,27.459999084472656
2025-08-21,27.600000381469727
2025-08-22,27.329999923706055
2025-08-25,27.549999237060547
2025-08-26,27.479999542236328
2025-08-27,27.489999771118164
2025-08-28,27.389999389648438
2025-08-29,27.3700008392334
2025-09-02,27.549999237060547
2025-09-03,27.5
2025-09-04,27.540000915527344
2025-09-05,27.399999618530273
2025-09-08,27.309999465942383
2025-09-09,27.420000076293945
2025-09-10,27.440000534057617
2025-09-11,27.350000381469727
2025-09-12,27.389999389648438
2025-09-15,27.299999237060547
2025-09-16,27.1299991607666
2025-09-17,27.219999313354492
2025-09-18,27.350000381469727
2025-09-19,27.43000030517578
2025-09-22,27.329999923706055
2025-09-23,27.309999465942383
2025-09-24,27.510000228881836
2025-09-25,27.700000762939453
2025-09-26,27.600000381469727
2025-09-29,27.540000915527344
2025-09-30,27.510000228881836
2025-10-01,27.5
2025-10-02,27.540000915527344
2025-10-03,27.489999771118164
2025-10-06,27.6200008392334
2025-10-07,27.780000686645508
2025-10-08,27.84000015258789
2025-10-09,28.030000686645508
2025-10-10,27.889999389648438
2025-10-13,27.989999771118164
2025-10-14,27.90999984741211
2025-10-15,27.829999923706055
2025-10-16,27.719999313354492
2025-10-17,27.75
2025-10-20,27.81999969482422
2025-10-21,27.93000030517578
2025-10-22,27.899999618530273
2025-10-23,27.90999984741211
2025-10-24,27.90999984741211
2025-10-27,27.8799991607666
2025-10-28,27.860000610351562
2025-10-29,28.020000457763672
2025-10-30,28.1299991607666
2025-10-31,28.209999084472656
2025-11-03,28.229999542236328
2025-11-04,28.31999969482422
2025-11-05,28.329999923706055
2025-11-06,28.18000030517578
2025-11-07,28.15999984741211
2025-11-10,28.18000030517578
2025-11-11,28.139999389648438
2025-11-12,28.149999618530273
2025-11-13,28.06999969482422
2025-11-14,28.110000610351562
2025-11-17,28.18000030517578
2025-11-18,28.209999084472656
2025-11-19,28.389999389648438
2025-11-20,28.40999984741211
2025-11-21,28.389999389648438
2025-11-24,28.389999389648438
2025-11-25,28.309999465942383
2025-11-26,28.229999542236328
2025-11-28,28.209999084472656
2025-12-01,28.200000762939453
2025-12-02,28.190000534057617
2025-12-03,28.049999237060547
2025-12-04,28.110000610351562
2025-12-05,28.079999923706055
2025-12-08,28.1200008392334
2025-12-09,28.15999984741211
2025-12-10,28.010000228881836
2025-12-11,27.90999984741211
2025-12-12,27.950000762939453
2025-12-15,27.93000030517578
2025-12-16,27.899999618530273
2025-12-17,27.959999084472656
2025-12-18,27.979999542236328
2025-12-19,28.06999969482422
2025-12-22,27.030000686645508
2025-12-23,26.940000534057617
2025-12-24,26.950000762939453
2025-12-26,26.969999313354492
2025-12-29,26.979999542236328
2025-12-30,27.049999237060547
2025-12-31,27.030000686645508
2026-01-02,27.110000610351562
2026-01-05,27.06999969482422
2026-01-06,27.15999984741211
2026-01-07,27.200000762939453
2026-01-08,27.270000457763672
2026-01-09,27.329999923706055
2026-01-12,27.280000686645508
2026-01-13,27.350000381469727
2026-01-14,27.329999923706055
2026-01-15,27.43000030517578
2026-01-16,27.43000030517578
2026-01-20,27.209999084472656
2026-01-21,27.270000457763672
2026-01-22,27.149999618530273
2026-01-23,26.90999984741211
2026-01-26,26.780000686645508
2026-01-27,26.469999313354492
2026-01-28,26.6299991607666
2026-01-29,26.59000015258789
2026-01-30,26.850000381469727
2026-02-02,26.989999771118164
2026-02-03,26.920000076293945
2026-02-04,27.010000228881836
2026-02-05,27.09000015258789
2026-02-06,27.010000228881836
2026-02-09,26.790000915527344
2026-02-10,26.799999237060547
2026-02-11,26.829999923706055
2026-02-12,26.81999969482422
2026-02-13,26.81999969482422
2026-02-17,26.90999984741211
2026-02-18,27.079999923706055
2026-02-19,27.1200008392334
2026-02-20,27.09000015258789
2026-02-23,27.09000015258789
2026-02-24,27.110000610351562
2026-02-25,27.079999923706055
2026-02-26,27.100000381469727
2026-02-27,27.079999923706055
2026-03-02,27.329999923706055
2026-03-03,27.459999084472656
2026-03-04,27.40999984741211
2026-03-05,27.479999542236328
2026-03-06,27.469999313354492
2026-03-09,27.459999084472656
2026-03-10,27.450000762939453
2026-03-11,27.549999237060547
2026-03-12,27.68000030517578
2026-03-13,27.889999389648438
2026-03-16,27.729999542236328
2026-03-17,27.68000030517578
2026-03-18,27.850000381469727
2026-03-19,27.579999923706055
2026-03-20,27.68000030517578
2026-03-23,27.559999465942383
2026-03-24,27.649999618530273
2026-03-25,27.700000762939453
2026-03-26,27.809999465942383
2026-03-27,27.84000015258789
2026-03-30,27.979999542236328
2026-03-31,27.780000686645508
2026-04-01,27.729999542236328
2026-04-02,27.860000610351562
2026-04-06,27.829999923706055
2026-04-07,27.75
2026-04-08,27.530000686645508
2026-04-09,27.479999542236328
2026-04-10,27.440000534057617
2026-04-13,27.3799991607666
2026-04-14,27.31999969482422
2026-04-15,27.309900283813477
